date,adj_close,30 SMA,company
2015-11-30,7.89603996276855,7.8296195507049555,HPE
2015-12-01,8.29456233978271,7.812970177332559,HPE
2015-12-02,7.94386291503906,7.778963073094685,HPE
2015-12-03,7.76851415634155,7.7460186004638665,HPE
2015-12-04,8.08733177185059,7.715376758575439,HPE
2015-12-07,8.23932075500488,7.688915634155273,HPE
2015-12-08,8.09000015258789,7.667750072479247,HPE
2015-12-09,7.91934633255005,7.653117481867471,HPE
2015-12-10,7.85002088546753,7.626432355244954,HPE
2015-12-11,7.5620436668396,7.595992994308471,HPE
2015-12-14,7.70069694519043,7.591961208979288,HPE
2015-12-15,7.76469326019287,7.594136476516723,HPE
2015-12-16,7.83935260772705,7.601102924346923,HPE
2015-12-17,7.63137197494507,7.6135351339975985,HPE
2015-12-18,7.55137729644775,7.6300314585367826,HPE
2015-12-21,7.47671794891357,7.624201663335163,HPE
2015-12-22,7.49804973602295,7.622625319163004,HPE
2015-12-23,7.95134353637695,7.632439200083414,HPE
2015-12-24,8.0100040435791,7.649522097905476,HPE
2015-12-28,8.12199687957764,7.677600049972534,HPE
2015-12-29,8.10599994659424,7.710635439554849,HPE
2015-12-30,8.14866256713867,7.745270077387491,HPE
2015-12-31,8.10599994659424,7.781316550572712,HPE
2016-01-04,8.06866931915283,7.808679580688476,HPE
2016-01-05,8.01534080505371,7.831785360972086,HPE
2016-01-06,7.89268350601196,7.843186362584431,HPE
2016-01-07,7.31139707565308,7.84158747990926,HPE
2016-01-08,7.22073745727539,7.839800484975178,HPE
2016-01-11,7.07141733169556,7.825419982274372,HPE
2016-01-12,7.07141733169556,7.806965748469034,HPE
2016-01-13,6.79943943023682,7.770412397384643,HPE
2016-01-14,6.93276119232178,7.725019025802611,HPE
2016-01-15,6.68744850158691,7.683138545354207,HPE
2016-01-19,6.57012414932251,7.643192211786905,HPE
2016-01-20,6.43146896362305,7.587996784845987,HPE
2016-01-21,6.61812114715576,7.533956797917683,HPE
2016-01-22,7.11941289901733,7.501603889465331,HPE
2016-01-25,7.11407899856567,7.474761644999186,HPE
2016-01-26,7.25273609161377,7.4548521518707265,HPE
2016-01-27,7.14074516296387,7.440808868408202,HPE
2016-01-28,7.03408670425415,7.418588527043659,HPE
2016-01-29,7.33806228637695,7.404367494583129,HPE
2016-02-01,7.35406160354614,7.388191127777099,HPE
2016-02-02,7.17274236679077,7.372903474171955,HPE
2016-02-03,7.13007879257202,7.358860190709431,HPE
2016-02-04,7.38605737686157,7.355838171641031,HPE
2016-02-05,7.03941965103149,7.3405505021413155,HPE
2016-02-08,6.6714506149292,7.297887404759724,HPE
2016-02-09,6.78344106674194,7.257001972198485,HPE
2016-02-10,6.85810136795044,7.214872121810912,HPE
2016-02-11,6.61278867721558,7.1650984128316235,HPE
2016-02-12,6.55412721633911,7.111947234471638,HPE
2016-02-16,6.57545757293701,7.06092915534973,HPE
2016-02-17,6.94342803955078,7.023421112696329,HPE
2016-02-18,7.21540498733521,6.996756585439045,HPE
2016-02-19,7.29006624221802,6.97666934331258,HPE
2016-02-22,7.35939407348633,6.978269243240356,HPE
2016-02-23,6.98075723648071,6.9702699025472,HPE
2016-02-24,7.21540498733521,6.975069491068521,HPE
2016-02-25,7.2953987121582,6.982535537083943,HPE
2016-02-26,7.16740894317627,6.994801187515258,HPE
2016-02-29,7.07674980163574,6.999600807825724,HPE
2016-03-01,7.0820837020874,7.012755314509073,HPE
2016-03-02,7.41272258758545,7.040841929117837,HPE
2016-03-03,7.25273609161377,7.068217500050862,HPE
2016-03-04,8.23398780822754,7.122079722086587,HPE
2016-03-07,8.54708194732666,7.169668690363565,HPE
2016-03-08,8.15103530883789,7.204233900705972,HPE
2016-03-09,8.29018497467041,7.238815530141194,HPE
2016-03-10,8.50961685180664,7.284444586435953,HPE
2016-03-11,8.7397518157959,7.341300090154011,HPE
2016-03-14,8.78256893157959,7.389450311660766,HPE
2016-03-15,8.97523880004883,7.443489551544189,HPE
2016-03-16,9.2000207901001,7.511065498987833,HPE
2016-03-17,9.18396472930908,7.579528363545735,HPE
2016-03-18,9.27494812011719,7.642491388320922,HPE
2016-03-21,9.47832202911377,7.723788134256997,HPE
2016-03-22,9.37128448486328,7.813782596588134,HPE
2016-03-23,9.34452247619629,7.899151976903279,HPE
2016-03-24,9.403395652771,7.983995119730631,HPE
2016-03-28,9.37128448486328,8.075944979985554,HPE
2016-03-29,9.44620990753174,8.172347736358642,HPE
2016-03-30,9.57465934753418,8.272321128845213,HPE
2016-03-31,9.4890251159668,8.357174364725749,HPE
2016-04-01,9.84760761260986,8.444914452234904,HPE
2016-04-04,9.65493774414062,8.523743502298991,HPE
2016-04-05,9.42480373382568,8.592590490976969,HPE
2016-04-06,9.61211967468262,8.680302572250366,HPE
2016-04-07,9.49437808990479,8.75626834233602,HPE
2016-04-08,9.57465934753418,8.832243696848552,HPE
2016-04-11,9.4890251159668,8.909630902608235,HPE
2016-04-12,9.22678089141846,8.981298605600992,HPE
2016-04-13,9.36593246459961,9.057426897684733,HPE
2016-04-14,9.23748397827148,9.118252277374268,HPE
2016-04-15,9.31241035461426,9.186908086140951,HPE
2016-04-18,9.33382034301758,9.223569170633953,HPE
2016-04-19,9.22678089141846,9.246225802103679,HPE
2016-04-20,9.31241035461426,9.284938303629557,HPE
2016-04-21,9.34452247619629,9.320082887013752,HPE
2016-04-22,9.36057949066162,9.34844830830892,HPE
2016-04-25,9.21072483062744,9.364147408803303,HPE
2016-04-26,9.29100608825684,9.38109531402588,HPE
2016-04-27,9.26424503326416,9.390728855133057,HPE
2016-04-28,9.11438751220703,9.387874412536622,HPE
2016-04-29,8.91636657714844,9.378954474131266,HPE
2016-05-02,8.77721500396729,9.362363370259603,HPE
2016-05-03,8.52567291259766,9.330608399709066,HPE
2016-05-04,8.52567291259766,9.302421347300212,HPE
2016-05-05,8.41327953338623,9.27137991587321,HPE
2016-05-06,8.44539260864258,9.23944648106893,HPE
2016-05-09,8.48820877075195,9.210010623931884,HPE
2016-05-10,8.50426483154297,9.178612454732258,HPE
2016-05-11,8.57384204864502,9.14525187810262,HPE
2016-05-12,8.50961685180664,9.11260493596395,HPE
2016-05-13,8.44004058837891,9.06568603515625,HPE
2016-05-16,8.54172992706299,9.02857910792033,HPE
2016-05-17,8.4668025970459,8.996645736694337,HPE
2016-05-18,8.3865213394165,8.955792458852132,HPE
2016-05-19,8.44539260864258,8.920826276143393,HPE
2016-05-20,8.49356174468994,8.884789689381916,HPE
2016-05-23,8.60059833526611,8.855175463358561,HPE
2016-05-24,8.69693565368652,8.837513955434163,HPE
2016-05-25,9.2856502532959,8.83483788172404,HPE
2016-05-26,9.3070592880249,8.837157058715821,HPE
2016-05-27,9.77267837524414,8.85249932607015,HPE
2016-05-31,9.88506984710693,8.870874309539795,HPE
2016-06-01,9.78873634338379,8.889606157938639,HPE
2016-06-02,9.90112495422363,8.909229977925618,HPE
2016-06-03,9.8208475112915,8.925107479095459,HPE
2016-06-06,10.1456174850464,8.951275412241618,HPE
2016-06-07,10.2851848602295,8.987090746561686,HPE
2016-06-08,10.3871822357178,9.023629951477051,HPE
2016-06-09,10.4945411682129,9.06463982264201,HPE
2016-06-10,10.2637147903442,9.102950731913246,HPE
2016-06-13,9.98457717895508,9.138557751973469,HPE
2016-06-14,9.82890319824219,9.173614025115965,HPE
2016-06-15,10.0919370651245,9.225822830200194,HPE
2016-06-16,10.0167856216431,9.275526587168375,HPE
2016-06-17,10.1670894622803,9.33398691813151,HPE
2016-06-20,10.403284072876,9.39924996693929,HPE
2016-06-21,10.6072721481323,9.46988541285197,HPE
2016-06-22,10.3120269775391,9.530144151051841,HPE
2016-06-23,10.5482206344604,9.59595677057902,HPE
2016-06-24,9.74838161468506,9.637248929341634,HPE
2016-06-27,9.2330493927002,9.663682556152343,HPE
2016-06-28,9.34041023254395,9.690305233001709,HPE
2016-06-29,9.54439449310303,9.72622496287028,HPE
2016-06-30,9.8074312210083,9.773588625590007,HPE
2016-07-01,9.92552852630615,9.822926489512126,HPE
2016-07-05,9.76985549926758,9.865469614664713,HPE
2016-07-06,9.87721538543701,9.908023516337076,HPE
2016-07-07,9.91479110717773,9.948618698120118,HPE
2016-07-08,10.2207698822021,9.97978935241699,HPE
2016-07-11,10.3818120956421,10.01561444600423,HPE
2016-07-12,10.5696935653687,10.042181619008382,HPE
2016-07-13,10.4676990509033,10.061602592468262,HPE
2016-07-14,10.73073387146,10.093002510070802,HPE
2016-07-15,10.6126384735107,10.116719627380371,HPE
2016-07-18,10.6233758926392,10.143470573425295,HPE
2016-07-19,10.6233758926392,10.159395853678388,HPE
2016-07-20,10.7683115005493,10.175500075022383,HPE
2016-07-21,10.601902961731,10.182657432556159,HPE
2016-07-22,10.7629451751709,10.191604232788091,HPE
2016-07-25,10.8488340377808,10.211108207702646,HPE
2016-07-26,10.9776649475098,10.244211133321137,HPE
2016-07-27,10.9239854812622,10.280713876088472,HPE
2016-07-28,10.902512550354,10.307733058929454,HPE
2016-07-29,11.2836437225342,10.34996166229249,HPE
2016-08-01,11.3158550262451,10.388253847757985,HPE
2016-08-02,11.1494426727295,10.413125801086435,HPE
2016-08-03,11.5466804504395,10.44443941116334,HPE
2016-08-04,11.6808815002441,10.490067895253507,HPE
2016-08-05,11.7614011764526,10.530507246653247,HPE
2016-08-08,11.6218328475952,10.592955621083584,HPE
2016-08-09,11.6486740112305,10.673476441701263,HPE
2016-08-10,11.5681495666504,10.74773441950481,HPE
2016-08-11,11.6916160583496,10.819308471679697,HPE
2016-08-12,11.7506675720215,10.88408301671347,HPE
2016-08-15,11.8150844573975,10.947068214416515,HPE
2016-08-16,11.8446083068848,11.01622664133709,HPE
2016-08-17,11.6164636611938,11.074201583862315,HPE
2016-08-18,11.7345600128174,11.134860547383637,HPE
2016-08-19,11.7452964782715,11.185678100585951,HPE
2016-08-22,11.7775068283081,11.232201258341485,HPE
2016-08-23,11.7721366882324,11.272282695770276,HPE
2016-08-24,11.6433048248291,11.311469554901134,HPE
2016-08-25,11.7238264083862,11.344572639465339,HPE
2016-08-26,11.6916160583496,11.380538558959971,HPE
2016-08-29,11.7238264083862,11.417220242818201,HPE
2016-08-30,11.5842571258545,11.449249617258712,HPE
2016-08-31,11.5305738449097,11.474658362070725,HPE
2016-09-01,11.8956031799316,11.51778170267741,HPE
2016-09-02,11.9224433898926,11.556431643168134,HPE
2016-09-06,11.7345600128174,11.585955842336018,HPE
2016-09-07,11.8580255508423,11.615301195780434,HPE
2016-09-08,11.4768934249878,11.633731460571287,HPE
2016-09-09,11.2299633026123,11.644646485646565,HPE
2016-09-12,11.4285831451416,11.649477799733479,HPE
2016-09-13,11.3587989807129,11.650909264882404,HPE
2016-09-14,11.4661598205566,11.661466503143307,HPE
2016-09-15,11.8794994354248,11.672560469309483,HPE
2016-09-16,11.9492826461792,11.681507174173987,HPE
2016-09-19,12.1747426986694,11.695285224914548,HPE
2016-09-20,12.1425313949585,11.71264184315999,HPE
2016-09-21,12.4109363555908,11.738050587972,HPE
2016-09-22,12.4753513336182,11.768290646870927,HPE
2016-09-23,12.3357830047607,11.789762878417964,HPE
2016-09-26,12.233790397644,11.80586697260538,HPE
2016-09-27,12.3035764694214,11.822150039672842,HPE
2016-09-28,12.367992401123,11.839596176147447,HPE
2016-09-29,12.2928380966187,11.86214199066161,HPE
2016-09-30,12.2123193740845,11.878067302703847,HPE
2016-10-03,12.1586380004883,11.891845353444408,HPE
2016-10-04,12.0190677642822,11.899897384643545,HPE
2016-10-05,12.2391576766968,11.91546475092569,HPE
2016-10-06,12.1747426986694,11.933179346720367,HPE
2016-10-07,12.0213832855225,11.943097909291577,HPE
2016-10-10,12.1589860916138,11.958676910400385,HPE
2016-10-11,11.8779783248901,11.963815307617182,HPE
2016-10-12,11.888786315918,11.9739662806193,HPE
2016-10-13,11.759090423584,11.981583499908442,HPE
2016-10-14,11.6347980499268,11.972889995574949,HPE
2016-10-17,11.4942951202393,11.958618386586506,HPE
2016-10-18,11.6023759841919,11.95421225229899,HPE
2016-10-19,11.7428779602051,11.950373999277751,HPE
2016-10-20,11.823938369751,11.96194216410319,HPE
2016-10-21,11.6888389587402,11.977238019307453,HPE
2016-10-24,11.715859413147,11.986813894907632,HPE
2016-10-25,11.6726264953613,11.997274812062578,HPE
2016-10-26,11.7807054519653,12.007759666442867,HPE
2016-10-27,11.9914627075195,12.01149177551269,HPE
2016-10-28,11.9806537628174,12.01253747940063,HPE
2016-10-31,12.1427736282349,12.01147184371948,HPE
2016-11-01,11.932017326355,12.004454708099363,HPE
2016-11-02,11.8995943069458,11.98740997314453,HPE
2016-11-03,11.7807054519653,11.964255110422764,HPE
2016-11-04,11.9104013442993,11.950075721740719,HPE
2016-11-07,12.4886283874512,11.958570321400959,HPE
2016-11-08,12.5588798522949,11.96708043416341,HPE
2016-11-09,12.5534772872925,11.973263263702393,HPE
2016-11-10,12.4670143127441,11.979069137573239,HPE
2016-11-11,12.5967092514038,11.991882133483882,HPE
2016-11-14,12.6183261871338,12.007205073038733,HPE
2016-11-15,12.650749206543,12.028261121114094,HPE
2016-11-16,12.71559715271,12.0441424369812,HPE
2016-11-17,12.7534246444702,12.063431835174562,HPE
2016-11-18,12.5967092514038,12.082609367370605,HPE
2016-11-21,12.4940338134766,12.093777624766032,HPE
2016-11-22,12.3589334487915,12.109809462229412,HPE
2016-11-23,12.7264051437378,12.137730089823405,HPE
2016-11-25,12.5480737686157,12.164029534657796,HPE
2016-11-28,12.6129217147827,12.19663365681966,HPE
2016-11-29,12.8290815353394,12.241126537322996,HPE
2016-11-30,12.8615045547485,12.283097489674882,HPE
2016-12-01,12.6291351318359,12.312639395395909,HPE
2016-12-02,12.8885259628296,12.34812564849853,HPE
2016-12-05,13.0830669403076,12.394599914550778,HPE
2016-12-06,12.9479675292969,12.435670185089107,HPE
2016-12-07,13.3370571136475,12.49115120569865,HPE
2016-12-08,13.3154392242432,12.542308998107915,HPE
2016-12-09,13.245189666748,12.584099896748864,HPE
2016-12-12,12.9498901367188,12.616407775878912,HPE
2016-12-13,12.9661464691162,12.643853537241622,HPE
2016-12-14,12.9607276916504,12.678143882751469,HPE
2016-12-15,12.85777759552,12.710083325703943,HPE
2016-12-16,12.7277345657349,12.741650962829597,HPE
2016-12-19,12.85777759552,12.77323017120362,HPE
2016-12-20,12.9173784255981,12.78752183914185,HPE
2016-12-21,12.9444713592529,12.800374889373781,HPE
2016-12-22,12.8740320205688,12.811060047149658,HPE
2016-12-23,12.9065427780151,12.825710995992024,HPE
2016-12-27,12.8631963729858,12.834593900044757,HPE
2016-12-28,12.6247882843018,12.834809303283691,HPE
2016-12-29,12.6464614868164,12.834666379292804,HPE
2016-12-30,12.5380935668945,12.828749593098953,HPE
2017-01-03,12.5706033706665,12.82265555063883,HPE
2017-01-04,12.7060623168945,12.826300652821852,HPE
2017-01-05,12.7656631469727,12.835354963938387,HPE
2017-01-06,12.5164203643799,12.840604527791333,HPE
2017-01-09,12.2238302230835,12.823852030436191,HPE
2017-01-10,12.4351444244385,12.820087718963615,HPE
2017-01-11,12.3321962356567,12.810730202992747,HPE
2017-01-12,12.3267774581909,12.793986733754464,HPE
2017-01-13,12.429726600647,12.779594135284414,HPE
2017-01-17,12.2942676544189,12.768431886037181,HPE
2017-01-18,12.3863792419434,12.751693662007643,HPE
2017-01-19,12.3376150131226,12.72684526443481,HPE
2017-01-20,12.397216796875,12.708486906687414,HPE
2017-01-23,12.2292470932007,12.671559906005852,HPE
2017-01-24,12.4026336669922,12.641133054097484,HPE
2017-01-25,12.4513998031616,12.614673391977938,HPE
2017-01-26,12.2563381195068,12.591554991404204,HPE
2017-01-27,12.218409538269,12.56663042704263,HPE
2017-01-30,12.0016736984253,12.534661960601793,HPE
2017-01-31,12.2888488769531,12.515697669982897,HPE
2017-02-01,12.240083694458,12.499442640940334,HPE
2017-02-02,12.2942676544189,12.480658976236962,HPE
2017-02-03,12.7331571578979,12.474518267313622,HPE
2017-02-06,12.7548274993896,12.468196805318179,HPE
2017-02-07,12.8361015319824,12.466932455698634,HPE
2017-02-08,12.8035945892334,12.46350084940591,HPE
2017-02-09,13.047420501709,12.469641653696685,HPE
2017-02-10,12.9986534118652,12.482103824615463,HPE
2017-02-13,13.0690937042236,12.496191565195703,HPE
2017-02-14,13.0799293518066,12.514252758026107,HPE
2017-02-15,13.2099704742432,12.535564994811997,HPE
2017-02-16,13.1828784942627,12.551458867390938,HPE
2017-02-17,13.2208089828491,12.566630395253485,HPE
2017-02-21,13.3616847991943,12.594805876413965,HPE
2017-02-22,13.4267044067383,12.63490168253579,HPE
2017-02-23,13.3616847991943,12.665786361694318,HPE
2017-02-24,12.44056224823,12.669398562113427,HPE
2017-02-27,12.0883674621582,12.66145156224567,HPE
2017-02-28,12.3647050857544,12.659284178415918,HPE
2017-03-01,12.5597677230835,12.668134180704737,HPE
2017-03-02,12.4351444244385,12.669759686787906,HPE
2017-03-03,12.4893293380737,12.674816830952942,HPE
2017-03-06,12.5001659393311,12.678248469034811,HPE
2017-03-07,12.3647050857544,12.68276373545327,HPE
2017-03-08,12.2563381195068,12.677887217203756,HPE
2017-03-09,12.1750640869141,12.668676026662173,HPE
2017-03-10,12.1208791732788,12.664160728454572,HPE
2017-03-13,12.1290330886841,12.66118151346841,HPE
2017-03-14,12.0801248550415,12.663796552022283,HPE
2017-03-15,12.3300981521606,12.665171527862531,HPE
2017-03-16,12.3029251098633,12.667266241709374,HPE
2017-03-17,12.4170436859131,12.671358776092514,HPE
2017-03-20,12.4713840484619,12.662633005777982,HPE
2017-03-21,12.0909938812256,12.640505218505847,HPE
2017-03-22,12.226845741272,12.620196692148832,HPE
2017-03-23,12.38987159729,12.60640592575072,HPE
2017-03-24,12.3735704421997,12.58394425710041,HPE
2017-03-27,12.3463983535767,12.562202421824129,HPE
2017-03-28,12.5039892196655,12.543365605672193,HPE
2017-03-29,12.8626432418823,12.536122735341385,HPE
2017-03-30,12.8354730606079,12.523639488220207,HPE
2017-03-31,12.8789463043213,12.51350841522216,HPE
2017-04-03,12.7444143295288,12.497628593444817,HPE
2017-04-04,12.9837808609009,12.485031795501703,HPE
2017-04-05,12.9837808609009,12.470267677307124,HPE
2017-04-06,13.0708236694336,12.4605723063151,HPE
2017-04-07,13.2594156265259,12.487867418924964,HPE
2017-04-10,13.2739210128784,12.527385870615637,HPE
2017-04-11,13.18687915802,12.554791673024491,HPE
2017-04-12,13.0925827026367,12.572552172342933,HPE
2017-04-13,13.0490636825562,12.593016147613524,HPE
2017-04-17,13.1361045837402,12.614575322469074,HPE
2017-04-18,13.1506109237671,12.636256821950273,HPE
2017-04-19,13.1723709106445,12.663179016113276,HPE
2017-04-20,13.2956819534302,12.697823810577388,HPE
2017-04-21,13.157865524292,12.730583858489984,HPE
2017-04-24,13.3754711151123,12.772403589884435,HPE
2017-04-25,13.4334983825684,12.815885766347245,HPE
2017-04-26,13.4987802505493,12.86317427953084,HPE
2017-04-27,13.5132856369019,12.90261386235555,HPE
2017-04-28,13.5132856369019,12.942959213256838,HPE
2017-05-01,13.585823059082,12.9819185256958,HPE
2017-05-02,13.5640621185303,13.018341128031413,HPE
2017-05-03,13.5423030853271,13.066718101501463,HPE
2017-05-04,13.6003303527832,13.11250092188517,HPE
2017-05-05,13.6583576202393,13.154783789316815,HPE
2017-05-08,13.7018775939941,13.199060694376628,HPE
2017-05-09,13.6220893859863,13.241583728790282,HPE
2017-05-10,13.7816677093506,13.284173011779783,HPE
2017-05-11,13.680118560791,13.31142218907674,HPE
2017-05-12,13.6946258544922,13.34006061553955,HPE
2017-05-15,13.7744140625,13.369909540812172,HPE
2017-05-16,13.8614549636841,13.407144228617348,HPE
2017-05-17,13.6365957260132,13.428904724121091,HPE
2017-05-18,13.6220893859863,13.450181674957271,HPE
2017-05-19,13.4407520294189,13.462512620290115,HPE
2017-05-22,13.6293439865112,13.474843565622958,HPE
2017-05-23,13.680118560791,13.488383483886711,HPE
2017-05-24,13.7163848876953,13.506033674875887,HPE
2017-05-25,13.6656112670898,13.525134627024324,HPE
2017-05-26,13.6583576202393,13.545444424947094,HPE
2017-05-30,13.6728649139404,13.563336435953767,HPE
2017-05-31,13.6438512802124,13.57977778116861,HPE
2017-06-01,12.7081460952759,13.564303620656323,HPE
2017-06-02,12.6211071014404,13.541817792256664,HPE
2017-06-05,12.4470224380493,13.51812302271524,HPE
2017-06-06,12.3527250289917,13.48403148651122,HPE
2017-06-07,12.3599796295166,13.44824752807616,HPE
2017-06-08,12.3672323226929,13.41052926381428,HPE
2017-06-09,12.323712348938,13.370876820882149,HPE
2017-06-12,12.2691049575806,13.329404131571438,HPE
2017-06-13,12.2909479141235,13.28624162673949,HPE
2017-06-14,12.1890096664429,13.240406545003244,HPE
2017-06-15,12.0288181304932,13.189957046508782,HPE
2017-06-16,12.0069761276245,13.136845239003492,HPE
2017-06-19,12.1744451522827,13.087381490071605,HPE
2017-06-20,12.1161956787109,13.034525426228832,HPE
2017-06-21,12.0652265548706,12.982629998524976,HPE
2017-06-22,12.145320892334,12.928085104624422,HPE
2017-06-23,12.2691049575806,12.881051317850742,HPE
2017-06-26,12.2399787902832,12.83256308237711,HPE
2017-06-27,12.0142555236816,12.773891131083163,HPE
2017-06-28,12.3055105209351,12.722026316324865,HPE
2017-06-29,12.1234769821167,12.671589024861648,HPE
2017-06-30,12.0797891616821,12.620179017384839,HPE
2017-07-03,12.1380405426025,12.576755301157625,HPE
2017-07-05,12.3346376419067,12.533598423004143,HPE
2017-07-06,11.9996948242188,12.477584298451736,HPE
2017-07-07,12.0943517684937,12.423516527811682,HPE
2017-07-10,12.1890096664429,12.374296474456786,HPE
2017-07-11,12.2181329727173,12.32628898620605,HPE
2017-07-12,12.225417137146,12.278040726979572,HPE
2017-07-13,12.4438581466675,12.238040955861408,HPE
2017-07-14,12.5166711807251,12.231658458709715,HPE
2017-07-17,12.5457973480225,12.229148133595787,HPE
2017-07-18,12.4875459671021,12.230498917897545,HPE
2017-07-19,12.8661775588989,12.247614002227786,HPE
2017-07-20,13.0336484909058,12.27006963094076,HPE
2017-07-21,13.1137428283691,12.294953314463301,HPE
2017-07-24,12.9899597167969,12.317161560058597,HPE
2017-07-25,13.0190858840942,12.342160924275715,HPE
2017-07-26,12.8224878311157,12.359878921508791,HPE
2017-07-27,12.7788009643555,12.379538631439212,HPE
2017-07-28,12.7496767044067,12.403567250569662,HPE
2017-07-31,12.7496767044067,12.4283239364624,HPE
2017-08-01,12.7788009643555,12.448469130198161,HPE
2017-08-02,12.6331739425659,12.465701738993328,HPE
2017-08-03,12.589485168457,12.483177026112875,HPE
2017-08-04,12.7496767044067,12.50332221984863,HPE
2017-08-07,12.8370504379272,12.522253735860183,HPE
2017-08-08,12.8370504379272,12.542156124114983,HPE
2017-08-09,12.8443326950073,12.569825363159174,HPE
2017-08-10,12.4656982421875,12.575164953867587,HPE
2017-08-11,12.5967655181885,12.590941238403312,HPE
2017-08-14,12.8006439208984,12.61496973037719,HPE
2017-08-15,12.924427986145,12.64118264516194,HPE
2017-08-16,12.8152074813843,12.657201639811195,HPE
2017-08-17,12.5967655181885,12.67710399627685,HPE
2017-08-18,12.5093879699707,12.690938536326083,HPE
2017-08-21,12.6040477752686,12.704773139953605,HPE
2017-08-22,12.8661775588989,12.72637462615966,HPE
2017-08-23,12.895302772522,12.74870414733886,HPE
2017-08-24,13.0700540542603,12.76957734425862,HPE
2017-08-25,13.0700540542603,12.788023440043128,HPE
2017-08-28,12.9535531997681,12.801615301767981,HPE
2017-08-29,13.0482120513916,12.820304171244297,HPE
2017-08-30,13.0918989181519,12.82782821655273,HPE
2017-08-31,13.1501502990723,12.831711610158282,HPE
2017-09-01,13.4309139251709,12.842283980051674,HPE
2017-09-05,13.1774988174438,12.848535283406571,HPE
2017-09-06,12.9240865707397,12.845368639628088,HPE
2017-09-07,12.4360294342041,12.832486693064368,HPE
2017-09-08,12.3140153884888,12.816993840535478,HPE
2017-09-11,12.5922727584839,12.811747042338052,HPE
2017-09-12,12.4358758926392,12.801287015279136,HPE
2017-09-13,12.5401391983032,12.793331623077393,HPE
2017-09-14,12.7676267623901,12.797813383738198,HPE
2017-09-15,12.8150205612183,12.805331230163576,HPE
2017-09-18,12.8339767456055,12.80814123153687,HPE
2017-09-19,12.7865839004517,12.806459013621021,HPE
2017-09-20,12.919282913208,12.809200096130382,HPE
2017-09-21,13.0709400177002,12.816753673553478,HPE
2017-09-22,13.516432762146,12.851778157552095,HPE
2017-09-25,13.9334897994995,12.896335633595795,HPE
2017-09-26,14.113582611084,12.940100256601983,HPE
2017-09-27,14.0756683349609,12.978474934895845,HPE
2017-09-28,13.810266494751,13.011643568674735,HPE
2017-09-29,13.942967414856,13.056516965230319,HPE
2017-10-02,14.1894111633301,13.112517738342298,HPE
2017-10-03,13.9240112304688,13.156516520182304,HPE
2017-10-04,14.0282745361328,13.195253086090101,HPE
2017-10-05,14.0567102432251,13.233966668446872,HPE
2017-10-06,14.0282745361328,13.265907351175956,HPE
2017-10-09,14.0282745361328,13.297848033905039,HPE
2017-10-10,14.1799325942993,13.338727347056079,HPE
2017-10-11,14.1609735488892,13.375819396972666,HPE
2017-10-12,14.0282745361328,13.407031917572029,HPE
2017-10-13,14.113582611084,13.439146327972418,HPE
2017-10-16,14.0851469039917,13.460954093933111,HPE
2017-10-17,13.8481817245483,13.483310190836594,HPE
2017-10-18,13.9334897994995,13.516956965128589,HPE
2017-10-19,13.1372909545898,13.540332349141444,HPE
2017-10-20,13.3079042434692,13.57346197764079,HPE
2017-10-23,13.5069532394409,13.603951327006024,HPE
2017-10-24,13.5638265609741,13.641549682617187,HPE
2017-10-25,13.3458166122437,13.668405596415203,HPE
2017-10-26,13.5069532394409,13.693049812316898,HPE
2017-10-27,13.5353899002075,13.717062123616538,HPE
2017-10-30,13.251033782959,13.730964024861654,HPE
2017-10-31,13.1941604614258,13.744549910227455,HPE
2017-11-01,12.89084815979,13.74360208511352,HPE
2017-11-02,12.919282913208,13.738546848297116,HPE
2017-11-03,12.7960615158081,13.714534473419185,HPE
2017-11-06,12.919282913208,13.680727577209469,HPE
2017-11-07,12.8624114990234,13.639021873474116,HPE
2017-11-08,12.8339767456055,13.597632153828936,HPE
2017-11-09,13.0045909881592,13.570776303609211,HPE
2017-11-10,12.985634803772,13.538865216573075,HPE
2017-11-13,12.7771043777466,13.491788323720293,HPE
2017-11-14,12.5780534744263,13.446923065185542,HPE
2017-11-15,12.4737901687622,13.395106919606523,HPE
2017-11-16,12.5780534744263,13.345818360646565,HPE
2017-11-17,12.9666776657104,13.31043179829915,HPE
2017-11-20,13.355297088623,13.28799921671549,HPE
2017-11-21,13.3837327957153,13.261459223429354,HPE
2017-11-22,12.4169187545776,13.203324063618966,HPE
2017-11-24,12.6254472732544,13.156563154856352,HPE
2017-11-27,12.7676267623901,13.111697959899889,HPE
2017-11-28,13.1562480926514,13.080734666188546,HPE
2017-11-29,13.2415542602539,13.060513750712067,HPE
2017-11-30,13.2225980758667,13.036817359924306,HPE
2017-12-01,13.6870470046997,13.055142561594637,HPE
2017-12-04,13.487998008728,13.061145687103267,HPE
2017-12-05,13.3458166122437,13.055774466196691,HPE
2017-12-06,13.4216470718384,13.051035149892167,HPE
2017-12-07,13.4785184860229,13.055458545684807,HPE
2017-12-08,13.5922613143921,13.058302148183179,HPE
2017-12-11,13.8197469711304,13.06778071721394,HPE
2017-12-12,13.8149833679199,13.086579036712639,HPE
2017-12-13,13.6434860229492,13.101556555430086,HPE
2017-12-14,13.5672674179077,13.12410386403401,HPE
2017-12-15,13.7292346954346,13.151102256774898,HPE
2017-12-18,14.1960859298706,13.197769737243648,HPE
2017-12-19,14.100811958313,13.237154038747148,HPE
2017-12-20,14.0150623321533,13.275575733184812,HPE
2017-12-21,14.0245904922485,13.315262858072911,HPE
2017-12-22,14.0150623321533,13.348945236206049,HPE
2017-12-26,14.0436458587646,13.38421227137247,HPE
2017-12-27,13.9769535064697,13.424207242329908,HPE
2017-12-28,13.9197864532471,13.468931674957268,HPE
2017-12-29,13.6815967559814,13.50919189453124,HPE
2018-01-02,13.9197864532471,13.5539163271586,HPE
2018-01-03,14.0055332183838,13.588544845581048,HPE
2018-01-04,14.3485279083252,13.621652539571121,HPE
2018-01-05,14.33899974823,13.653494771321611,HPE
2018-01-08,14.1198654174805,13.710259660085041,HPE
2018-01-09,14.1484489440918,13.761026382446289,HPE
2018-01-10,14.4723854064941,13.817851670583089,HPE
2018-01-11,14.720103263855,13.869980176289875,HPE
2018-01-12,15.0630950927734,13.930698204040523,HPE
2018-01-16,15.0630950927734,13.992048104604079,HPE
2018-01-17,15.31081199646,14.046173604329423,HPE
2018-01-18,15.215537071228,14.10375823974609,HPE
2018-01-19,15.3203392028809,14.169575659433997,HPE
2018-01-22,15.2917566299438,14.231912644704177,HPE
2018-01-23,15.8824653625488,14.31204420725504,HPE
2018-01-24,15.891993522644,14.388701947530103,HPE
2018-01-25,15.7014427185059,14.451425139109286,HPE
2018-01-26,15.9205741882324,14.521611499786369,HPE
2018-01-29,16.1682968139648,14.605771859486888,HPE
2018-01-30,15.7586088180542,14.678816572825104,HPE
2018-01-31,15.62522315979,14.742016188303616,HPE
2018-02-01,15.9967975616455,14.80203990936278,HPE
2018-02-02,15.8634128570557,14.860793272654204,HPE
2018-02-05,14.9201812744141,14.890963904062897,HPE
2018-02-06,14.986873626709,14.923040008544914,HPE
2018-02-07,14.8249073028564,14.950034840901683,HPE
2018-02-08,14.3294725418091,14.959562397003166,HPE
2018-02-09,14.5771894454956,14.979570261637361,HPE
2018-02-12,15.0059289932251,15.01577501296996,HPE
2018-02-13,14.7391595840454,15.051027107238761,HPE
2018-02-14,15.3870315551758,15.09993527730305,HPE
2018-02-15,15.5775842666626,15.152336978912343,HPE
2018-02-16,15.6156940460205,15.194575850168855,HPE
2018-02-20,15.739556312561,15.241261068979888,HPE
2018-02-21,15.482307434082,15.286675802866602,HPE
2018-02-22,15.6347513198853,15.336219215393053,HPE
2018-02-23,17.2830200195312,15.429907035827624,HPE
2018-02-26,17.6736507415771,15.52835861841836,HPE
2018-02-27,17.9308967590332,15.623952007293688,HPE
2018-02-28,17.711763381958,15.712240950266509,HPE
2018-03-01,17.5307350158691,15.786238384246811,HPE
2018-03-02,17.8927898406982,15.875480143229149,HPE
2018-03-05,18.0833358764648,15.967580032348613,HPE
2018-03-06,18.4930210113525,16.074288845062235,HPE
2018-03-07,18.2453060150146,16.153050200144428,HPE
2018-03-08,18.0547542572021,16.225142224629696,HPE
2018-03-09,18.2548332214355,16.310255241394017,HPE
2018-03-12,18.1690845489502,16.385205586751276,HPE
2018-03-13,18.0590858459473,16.44823188781736,HPE
2018-03-14,18.0303897857666,16.52395792007444,HPE
2018-03-15,18.0112590789795,16.60349245071409,HPE
2018-03-16,17.9729995727539,16.66936585108437,HPE
2018-03-19,17.8869132995605,16.73681586583453,HPE
2018-03-20,17.9634380340576,16.838257757822642,HPE
2018-03-21,17.8964767456055,16.93524452845253,HPE
2018-03-22,17.5234355926514,17.025195471445695,HPE
2018-03-23,16.8634338378906,17.109660847981743,HPE
2018-03-26,17.2077827453613,17.197347291310603,HPE
2018-03-27,16.7964782714844,17.257032267252576,HPE
2018-03-28,16.8921298980713,17.328797944386775,HPE
2018-03-29,16.7773532867432,17.375142002105687,HPE
2018-04-02,16.3756122589111,17.40174293518064,HPE
2018-04-03,16.394739151001,17.427711105346653,HPE
2018-04-04,16.4999580383301,17.453057829538956,HPE
2018-04-05,16.4521331787109,17.485385354359916,HPE
2018-04-06,15.9738750457764,17.496689478556288,HPE
2018-04-09,16.0790882110596,17.4565584182739,HPE
2018-04-10,16.4999580383301,17.417435328165663,HPE
2018-04-11,16.4903907775879,17.369418462117487,HPE
2018-04-12,16.6530017852783,17.33412640889483,HPE
2018-04-13,16.6434364318848,17.304549789428684,HPE
2018-04-16,16.7964782714844,17.268006070454888,HPE
2018-04-17,16.9782218933105,17.23116893768308,HPE
2018-04-18,16.9112644195557,17.178443717956515,HPE
2018-04-19,16.6530017852783,17.125366910298638,HPE
2018-04-20,16.5382194519043,17.074815750122045,HPE
2018-04-23,16.6625671386719,17.021740214029922,HPE
2018-04-24,16.6051769256592,16.969609959920223,HPE
2018-04-25,16.5573482513428,16.919552040100072,HPE
2018-04-26,16.6338710784912,16.873001416524225,HPE
2018-04-27,16.5956077575684,16.825813039143853,HPE
2018-04-30,16.3086547851562,16.770334879557264,HPE
2018-05-01,16.4330024719238,16.72187118530271,HPE
2018-05-02,16.3756122589111,16.668943659464492,HPE
2018-05-03,16.1651763916016,16.61123364766436,HPE
2018-05-04,16.4616966247559,16.575842348734508,HPE
2018-05-07,16.5477848052979,16.56532071431475,HPE
2018-05-08,16.6338710784912,16.546190325419083,HPE
2018-05-09,16.83473777771,16.547465642293268,HPE
2018-05-10,16.8825664520264,16.54714686075844,HPE
2018-05-11,16.9016971588135,16.55129165649411,HPE
2018-05-14,16.825174331665,16.566277058919244,HPE
2018-05-15,16.6434364318848,16.57456696828204,HPE
2018-05-16,16.8634338378906,16.58668282826739,HPE
2018-05-17,16.9016971588135,16.60166829427081,HPE
2018-05-18,16.7964782714844,16.62908840179441,HPE
2018-05-21,16.7486553192139,16.651407305399555,HPE
2018-05-22,16.6530017852783,16.656508763631162,HPE
2018-05-23,14.9025716781616,16.603581460316953,HPE
2018-05-24,15.0747451782227,16.55097290674843,HPE
2018-05-25,14.8451814651489,16.4910310745239,HPE
2018-05-29,14.7112684249878,16.421524079640683,HPE
2018-05-30,14.8930053710938,16.35201686223346,HPE
2018-05-31,14.5773553848267,16.27421989440916,HPE
2018-06-01,14.8547449111938,16.21427799860634,HPE
2018-06-04,14.8643112182617,16.158481057484924,HPE
2018-06-05,15.3617010116577,16.115118853251115,HPE
2018-06-06,15.3234395980835,16.07239427566526,HPE
2018-06-07,15.2277879714966,16.028075599670387,HPE
2018-06-08,15.3138751983643,15.984075736999491,HPE
2018-06-11,15.3234395980835,15.941670131683328,HPE
2018-06-12,15.2107315063477,15.905072689056377,HPE
2018-06-13,15.2107315063477,15.864330323537176,HPE
2018-06-14,15.239631652832,15.82646430333454,HPE
2018-06-15,15.3648614883423,15.799787139892562,HPE
2018-06-18,15.3263292312622,15.761941560109438,HPE
2018-06-19,15.3166971206665,15.720905303955057,HPE
2018-06-20,14.5942106246948,15.652916622161845,HPE
2018-06-21,14.8543062210083,15.586902236938453,HPE
2018-06-22,14.6809101104736,15.513513692220025,HPE
2018-06-25,14.5171451568604,15.434028625488256,HPE
2018-06-26,14.6134777069092,15.360305404663062,HPE
2018-06-27,14.179986000061,15.278190390268936,HPE
2018-06-28,14.1703519821167,15.188420995076472,HPE
2018-06-29,14.0740213394165,15.094165134429906,HPE
2018-07-02,14.2570514678955,15.009517574310276,HPE
2018-07-03,14.2281522750854,14.925500806172659,HPE
2018-07-05,14.2763175964355,14.846277999877897,HPE
2018-07-06,14.4304475784302,14.83054052988685,HPE
2018-07-09,14.671275138855,14.817091528574592,HPE
2018-07-10,14.9313707351685,14.819964504241911,HPE
2018-07-11,14.546046257019,14.81445709864295,HPE
2018-07-12,14.8254079818726,14.812203852335578,HPE
2018-07-13,14.9217367172241,14.823683230082159,HPE
2018-07-16,15.066234588623,14.830732885996465,HPE
2018-07-17,15.0855007171631,14.838105869293177,HPE
2018-07-18,15.3455963134766,14.837569046020473,HPE
2018-07-19,15.066234588623,14.828995545705123,HPE
2018-07-20,14.9024715423584,14.81815166473385,HPE
2018-07-23,14.9024715423584,14.804438209533654,HPE
2018-07-24,14.7387075424194,14.784947141011516,HPE
2018-07-25,14.9121046066284,14.774992911020872,HPE
2018-07-26,15.1144008636475,14.771781889597532,HPE
2018-07-27,15.0180692672729,14.764396476745564,HPE
2018-07-30,14.8832054138184,14.748341274261435,HPE
2018-07-31,14.873571395874,14.733249346415162,HPE
2018-08-01,14.8832054138184,14.71879962285356,HPE
2018-08-02,14.9795379638672,14.731643867492638,HPE
2018-08-03,15.3937616348267,14.749625714619919,HPE
2018-08-06,15.422661781311,14.774350770314499,HPE
2018-08-07,15.5382595062256,14.808387915293338,HPE
2018-08-08,15.5671577453613,14.84017724990841,HPE
2018-08-09,15.5189943313599,14.884810860951708,HPE
2018-08-10,15.2685317993164,14.921416854858364,HPE
2018-08-13,15.0855007171631,14.955132834116585,HPE
2018-08-14,15.403395652771,14.993344306945767,HPE
2018-08-15,15.4419279098511,15.03380349477129,HPE
2018-08-16,15.6731252670288,15.080363750457733,HPE
2018-08-17,16.0584487915039,15.13463045756019,HPE
2018-08-20,16.1066131591797,15.182475058237682,HPE
2018-08-21,15.201099395752,15.191466013590464,HPE
2018-08-22,15.239631652832,15.21458552678423,HPE
2018-08-23,15.5093593597412,15.237383906046517,HPE
2018-08-24,15.60569190979,15.26018241246538,HPE
2018-08-27,15.8465204238892,15.286191940307587,HPE
2018-08-28,16.1258792877197,15.320871225992809,HPE
2018-08-29,16.0969791412354,15.345917320251434,HPE
2018-08-30,16.1740474700928,15.382844416300427,HPE
2018-08-31,15.9235849380493,15.416881529490125,HPE
2018-09-04,16.0584487915039,15.455414104461642,HPE
2018-09-05,15.9813842773438,15.496836662292456,HPE
2018-09-06,15.9139518737793,15.530231571197485,HPE
2018-09-07,15.9235849380493,15.557204373677544,HPE
2018-09-10,15.8079872131348,15.583534971872943,HPE
2018-09-11,15.9563970565796,15.619308026631648,HPE
2018-09-12,15.9078969955444,15.65378554662066,HPE
2018-09-13,16.0436973571777,15.692468611399303,HPE
2018-09-14,16.0824947357178,15.729233837127655,HPE
2018-09-17,15.7914981842041,15.742491722106902,HPE
2018-09-18,16.053394317627,15.763516139984102,HPE
2018-09-19,16.1406955718994,15.78359734217323,HPE
2018-09-20,16.3637943267822,15.810151894887262,HPE
2018-09-21,16.5092945098877,15.843161900838188,HPE
2018-09-24,16.4122905731201,15.881287193298311,HPE
2018-09-25,16.053394317627,15.913550313313776,HPE
2018-09-26,16.0145969390869,15.933923689524306,HPE
2018-09-27,15.7914981842041,15.94557603200274,HPE
2018-09-28,15.8205966949463,15.950491746266657,HPE
2018-10-01,15.6944980621338,15.938360055287653,HPE
2018-10-02,16.0339965820312,15.935939502716035,HPE
2018-10-03,16.2473945617676,15.970816008249889,HPE
2018-10-04,16.3443927764893,16.007641379038468,HPE
2018-10-05,15.6556987762451,16.012519359588598,HPE
2018-10-08,15.413200378418,16.006102975209533,HPE
2018-10-09,15.2192010879517,15.98519233067828,HPE
2018-10-10,14.65660572052,15.936216545104958,HPE
2018-10-11,14.1910076141357,15.8726841608683,HPE
2018-10-12,14.9573030471802,15.83212601343788,HPE
2018-10-15,14.8797035217285,15.797329966227187,HPE
2018-10-16,15.044602394104,15.763535086313857,HPE
2018-10-17,15.0543031692505,15.732632382710745,HPE
2018-10-18,14.870002746582,15.697834078470835,HPE
2018-10-19,14.9767017364502,15.666271305084198,HPE
2018-10-22,15.3647003173828,15.651495075225798,HPE
2018-10-23,15.1804008483887,15.625628534952769,HPE
2018-10-24,14.6372060775757,15.583272171020479,HPE
2018-10-25,14.6954040527344,15.53832906087237,HPE
2018-10-26,14.1910076141357,15.475279490152966,HPE
2018-10-29,14.1328077316284,15.419989808400443,HPE
2018-10-30,14.482006072998,15.367610200246142,HPE
2018-10-31,14.7924041748047,15.322667153676319,HPE
2018-11-01,15.3259000778198,15.288070678710906,HPE
2018-11-02,15.413200378418,15.251534207661916,HPE
2018-11-05,15.452000617981,15.219524542490612,HPE
2018-11-06,15.4035005569458,15.197861417134572,HPE
2018-11-07,15.7526979446411,15.189131450653045,HPE
2018-11-08,15.762396812439,15.188161404927543,HPE
2018-11-09,15.2483005523682,15.169084866841608,HPE
2018-11-12,14.8215036392212,15.139985052744521,HPE
2018-11-13,14.8797035217285,15.101508617401098,HPE
2018-11-14,14.6954040527344,15.049775600433325,HPE
2018-11-15,14.8603038787842,15.000305970509821,HPE
2018-11-16,14.7439031600952,14.969912783304824,HPE
2018-11-19,14.3850069046021,14.93563966751096,HPE
2018-11-20,14.0940093994141,14.89813327789304,HPE
2018-11-21,14.2589073181152,14.884876664479545,HPE
2018-11-23,14.1037082672119,14.881966686248752,HPE
2018-11-26,14.4626064300537,14.865476799011203,HPE
2018-11-27,14.6081047058105,14.85642350514727,HPE
2018-11-28,14.9961032867432,14.854806868235244,HPE
2018-11-29,14.6663045883179,14.841873582204157,HPE
2018-11-30,14.5499057769775,14.83120368321734,HPE
2018-12-03,15.0349025726318,14.83314371109006,HPE
2018-12-04,14.5984048843384,14.807600529988578,HPE
2018-12-06,15.5392990112305,14.819563802083307,HPE
2018-12-07,14.2686061859131,14.807277139027887,HPE
2018-12-10,14.1328077316284,14.788523928324356,HPE
2018-12-11,14.4094619750977,14.795805740356423,HPE
2018-12-12,14.3117046356201,14.80176897048948,HPE
2018-12-13,14.1650676727295,14.791204357147196,HPE
2018-12-14,13.901123046875,14.761494986216206,HPE
2018-12-17,13.285249710083,14.693473307291645,HPE
2018-12-18,13.3243532180786,14.623845068613665,HPE
2018-12-19,12.8746681213379,14.537933985392227,HPE
2018-12-20,12.3663282394409,14.436694908142066,HPE
2018-12-21,12.3272256851196,14.322512499491348,HPE
2018-12-24,11.9948511123657,14.196927642822237,HPE
2018-12-26,12.522741317749,14.106075668334931,HPE
2018-12-27,12.8062391281128,14.038900184631318,HPE
2018-12-28,12.7378072738647,13.967503643035856,HPE
2018-12-31,12.9137716293335,13.90811589558916,HPE
2019-01-02,13.1581649780273,13.851377932230598,HPE
2019-01-03,12.8844442367554,13.789395968119269,HPE
2019-01-04,13.4905414581299,13.759580453236861,HPE
2019-01-07,13.7544860839844,13.748263009389204,HPE
2019-01-08,13.4905414581299,13.72265081405636,HPE
2019-01-09,13.7447109222412,13.710684235890671,HPE
2019-01-10,13.8131408691406,13.689035383860235,HPE
2019-01-11,13.9206743240356,13.666121037801071,HPE
2019-01-14,13.8424682617188,13.627666536966924,HPE
2019-01-15,14.1161890029907,13.60932935078935,HPE
2019-01-16,13.9988794326782,13.590961805979374,HPE
2019-01-17,13.9500017166138,13.55479844411211,HPE
2019-01-18,14.3508081436157,13.546545219421354,HPE
2019-01-22,14.1259641647339,13.499434057871467,HPE
2019-01-23,14.1161890029907,13.494353485107387,HPE
2019-01-24,14.4290132522583,13.504227002461716,HPE
2019-01-25,15.0057830810547,13.524104372660283,HPE
2019-01-28,15.3088302612305,13.557341893513962,HPE
2019-01-29,15.0253343582153,13.586017449696822,HPE
2019-01-30,15.1719703674316,13.628379027048709,HPE
2019-01-31,15.2404003143311,13.693550713856979,HPE
2019-02-01,15.3381586074829,13.760677560170455,HPE
2019-02-04,15.4359159469604,13.846052487691205,HPE
2019-02-05,15.533673286438,13.951630655924442,HPE
2019-02-06,15.7291889190674,14.065029430389366,HPE
2019-02-07,15.494571685791,14.181686782836875,HPE
2019-02-08,15.5630006790161,14.28302876154578,HPE
2019-02-11,15.4847946166992,14.37231394449866,HPE
2019-02-12,15.641206741333,14.469093926747604,HPE
2019-02-13,15.6900844573975,14.56163768768307,HPE
2019-02-14,15.6314315795898,14.644079907735154,HPE
2019-02-15,15.7291889190674,14.738904730478888,HPE
2019-02-19,15.7291889190674,14.813526312510138,HPE
2019-02-20,15.6900844573975,14.878046258290576,HPE
2019-02-21,15.8660488128662,14.957229836781787,HPE
2019-02-22,15.954029083252,15.030873775482148,HPE
2019-02-25,16.3841648101807,15.116574573516818,HPE
2019-02-26,16.4232654571533,15.199994277954074,HPE
2019-02-27,16.325511932373,15.282762400309215,HPE
2019-02-28,16.0126857757568,15.345978959401416,HPE
2019-03-01,16.0126857757568,15.413105837504036,HPE
2019-03-04,15.7976179122925,15.474693044026656,HPE
2019-03-05,15.7780675888062,15.52226835886634,HPE
2019-03-06,15.6021032333374,15.571472994486458,HPE
2019-03-07,15.3186073303223,15.61155360539751,HPE
2019-03-08,15.2599515914917,15.639251550038624,HPE
2019-03-11,15.533673286438,15.656847890218067,HPE
2019-03-12,15.0738754272461,15.649016062418585,HPE
2019-03-13,15.2806367874146,15.657526143391896,HPE
2019-03-14,15.4184770584106,15.665743033091196,HPE
2019-03-15,15.8221530914307,15.685134792327851,HPE
2019-03-18,15.5957012176514,15.693719546000134,HPE
2019-03-19,15.6350841522217,15.70035848617551,HPE
2019-03-20,15.6252384185791,15.70341065724688,HPE
2019-03-21,15.7729263305664,15.704868570963516,HPE
2019-03-22,15.0541849136353,15.690189011891658,HPE
2019-03-25,14.9163427352905,15.668633747100806,HPE
2019-03-26,15.0738754272461,15.6549364407857,HPE
2019-03-27,15.0246467590332,15.634384441375708,HPE
2019-03-28,15.0246467590332,15.612203184763564,HPE
2019-03-29,15.1920251846313,15.597556304931613,HPE
2019-04-01,15.6547756195068,15.595075861612928,HPE
2019-04-02,15.5760097503662,15.589969889322889,HPE
2019-04-03,15.6055469512939,15.587151972452768,HPE
2019-04-04,15.8221530914307,15.58568878173825,HPE
2019-04-05,15.9009189605713,15.583918444315561,HPE
2019-04-08,15.9403038024902,15.569123077392542,HPE
2019-04-09,15.7040042877197,15.545147705078088,HPE
2019-04-10,16.0190696716309,15.534932963053354,HPE
2019-04-11,16.0190696716309,15.535145759582491,HPE
2019-04-12,16.1470642089844,15.539625040690078,HPE
2019-04-15,16.2356777191162,15.554227034250868,HPE
2019-04-16,16.3439807891846,15.573090807596815,HPE
2019-04-17,16.3144416809082,15.596835422515841,HPE
2019-04-18,16.4030532836914,15.632983620961477,HPE
2019-04-22,16.3341331481934,15.668789672851535,HPE
2019-04-23,16.2750606536865,15.693502585093151,HPE
2019-04-24,16.0190696716309,15.725009059905979,HPE
2019-04-25,15.7630796432495,15.741090488433809,HPE
2019-04-26,15.5267810821533,15.744700622558566,HPE
2019-04-29,15.4677066802979,15.732885742187474,HPE
2019-04-30,15.5661649703979,15.731901200612356,HPE
2019-05-01,15.5464725494385,15.728947480519583,HPE
2019-05-02,15.4972429275513,15.72468096415199,HPE
2019-05-03,15.6843137741089,15.721727212270073,HPE
2019-05-06,15.4184770584106,15.733870283762581,HPE
2019-05-07,15.1920251846313,15.743059698740607,HPE
2019-05-08,15.1132593154907,15.744372495015428,HPE
2019-05-09,14.9852638244629,15.743059730529751,HPE
2019-05-10,14.5618953704834,15.727634684244757,HPE
2019-05-13,13.9416122436523,15.68595425287879,HPE
2019-05-14,14.020378112793,15.631474335988333,HPE
2019-05-15,14.1976022720337,15.585527420043915,HPE
2019-05-16,14.3059053421021,15.542206033070856,HPE
2019-05-17,14.3945178985596,15.494618193308487,HPE
2019-05-20,14.5225114822388,15.44867127736407,HPE
2019-05-21,15.0148010253906,15.417821184794086,HPE
2019-05-22,14.4831295013428,15.37712535858152,HPE
2019-05-23,14.0991439819336,15.31312783559161,HPE
2019-05-24,14.168065071106,15.251427682240779,HPE
2019-05-28,13.9514579772949,15.17824080785113,HPE
2019-05-29,13.9120740890503,15.100787353515601,HPE
2019-05-30,14.0006866455078,15.022677548726373,HPE
2019-05-31,13.5083980560303,14.929142761230443,HPE
2019-06-03,13.4788599014282,14.831669648488337,HPE
2019-06-04,13.9120740890503,14.750934346516898,HPE
2019-06-05,13.8726921081543,14.670855394999158,HPE
2019-06-06,13.7742328643799,14.596027501424123,HPE
2019-06-07,13.8726921081543,14.533014583587617,HPE
2019-06-10,14.0400695800781,14.483457533518443,HPE
2019-06-11,14.1522159576416,14.439607842763232,HPE
2019-06-12,14.0331230163574,14.388506444295217,HPE
2019-06-13,14.2415351867676,14.345008532206187,HPE
2019-06-14,14.0430469512939,14.296535332997605,HPE
2019-06-17,14.1919136047363,14.246788660685187,HPE
2019-06-18,14.4797210693359,14.215496794382696,HPE
2019-06-19,14.5988140106201,14.195723088582325,HPE
2019-06-20,14.886622428894,14.188168525695767,HPE
2019-06-21,14.8270750045776,14.182895565032924,HPE
2019-06-24,14.8965463638306,14.194050598144496,HPE
2019-06-25,14.6484365463257,14.21761140823361,HPE
2019-06-26,14.8469247817993,14.245162963867154,HPE
2019-06-27,14.8568487167358,14.267137845357222,HPE
2019-06-28,14.8369998931885,14.284840997060103,HPE
2019-07-01,15.0255641937256,14.305875873565634,HPE
2019-07-02,14.9660177230835,14.320659414927123,HPE
2019-07-03,15.1744298934937,14.325980377197226,HPE
2019-07-05,15.0553369522095,14.345053958892782,HPE
2019-07-08,14.9163951873779,14.372295665740925,HPE
2019-07-09,14.757604598999,14.391946983337359,HPE
2019-07-10,14.6583614349365,14.415510431925412,HPE
2019-07-11,14.4896459579468,14.434762827555295,HPE
2019-07-12,14.7973022460938,14.461316680908162,HPE
2019-07-15,14.8469247817993,14.505934238433797,HPE
2019-07-16,14.6980590820312,14.546574211120562,HPE
2019-07-17,14.5789651870728,14.56880391438798,HPE
2019-07-18,14.6385116577148,14.594331232706661,HPE
2019-07-19,14.7278318405151,14.626117865244503,HPE
2019-07-22,14.1919136047363,14.636758581797237,HPE
2019-07-23,14.4995698928833,14.652075258890742,HPE
2019-07-24,14.628586769104,14.667954285939489,HPE
2019-07-25,14.4003257751465,14.680194377899124,HPE
2019-07-26,14.5194187164307,14.68945716222123,HPE
2019-07-29,14.5491914749146,14.70632864634192,HPE
2019-07-30,14.4995698928833,14.716583855946821,HPE
2019-07-31,14.2613840103149,14.709305953979454,HPE
2019-08-01,14.0331230163574,14.69044958750403,HPE
2019-08-02,13.16969871521,14.633218797047899,HPE
2019-08-05,12.8024950027466,14.565732796986866,HPE
2019-08-06,12.971209526062,14.50155490239458,HPE
2019-08-07,12.9612865447998,14.445316569010382,HPE
2019-08-08,13.447582244873,14.398671817779505,HPE
2019-08-09,13.2887916564941,14.346403249104782,HPE
2019-08-12,12.9811344146729,14.284541066487597,HPE
2019-08-13,13.2987155914307,14.2269794464111,HPE
2019-08-14,12.7627973556519,14.153538767496714,HPE
2019-08-15,12.5841579437256,14.06719636917111,HPE
2019-08-16,12.7032508850098,13.988793500264455,HPE
2019-08-19,13.0109071731567,13.925277233123749,HPE
2019-08-20,12.8421926498413,13.861430168151825,HPE
2019-08-21,12.971209526062,13.80519177118934,HPE
2019-08-22,13.1498498916626,13.760531902313202,HPE
2019-08-23,12.6536283493042,13.689076105753548,HPE
2019-08-26,12.8421926498413,13.622251701354948,HPE
2019-08-27,12.8322687149048,13.560058689117401,HPE
2019-08-28,13.2689428329468,13.5163912773132,HPE
2019-08-29,13.5766000747681,13.480994224548311,HPE
2019-08-30,13.7155408859253,13.447251192728652,HPE
2019-09-03,13.3880348205566,13.420455233255996,HPE
2019-09-04,13.6460704803467,13.392005252838109,HPE
2019-09-05,14.2911567687988,13.38075758616127,HPE
2019-09-06,14.4598722457886,13.382742468516005,HPE
2019-09-09,14.8369998931885,13.393328507741264,HPE
2019-09-10,15.0900001525879,13.411355463663707,HPE
2019-09-11,15.3699998855591,13.440369796752899,HPE
2019-09-12,15.3599996566772,13.47699031829831,HPE
2019-09-13,15.3199996948242,13.519886207580535,HPE
2019-09-16,15.1199998855591,13.584896246592171,HPE
2019-09-17,14.9899997711182,13.65781307220456,HPE
2019-09-18,14.7399997711182,13.716772747039766,HPE
2019-09-19,14.8500003814697,13.779729874928764,HPE
2019-09-20,14.4300003051758,13.812477143605523,HPE
2019-09-23,14.3999996185303,13.84951740900673,HPE
2019-09-24,14.25,13.891812928517632,HPE
2019-09-25,14.5900001525879,13.934855747222873,HPE
2019-09-26,14.6300001144409,13.997095839182505,HPE
2019-09-27,15.0,14.077623907724986,HPE
2019-09-30,15.1700000762939,14.159848880767788,HPE
2019-10-01,14.6499996185303,14.214485295613574,HPE
