date,adj_close,20_ma,20_sd,Upper_Band,Lower_Band,company
2016-08-01,47.1053466796875,48.98069305419922,1.3093062873312824,51.599305628861785,46.36208047953666,FTV
2016-08-02,46.8097114562988,48.92649269104004,1.377340504351483,51.681173699743006,46.17181168233707,FTV
2016-08-03,48.563835144043,49.00188083648682,1.3091510064996383,51.6201828494861,46.38357882348754,FTV
2016-08-04,49.3029365539551,49.11471691131592,1.226355686112055,51.567428283540025,46.66200553909181,FTV
2016-08-05,49.8449478149414,49.13344039916992,1.2349020184357697,51.60324443604146,46.663636362298384,FTV
2016-08-08,49.3226470947266,49.08071784973144,1.2010565151931885,51.48283088011782,46.67860481934507,FTV
2016-08-09,49.7266845703125,49.07529716491699,1.1977125965627369,51.470722358042465,46.67987197179151,FTV
2016-08-10,49.7168388366699,49.066920852661134,1.192330212687983,51.4515812780371,46.68226042728517,FTV
2016-08-11,51.786319732666,49.11520881652832,1.2831831154787279,51.68157504748578,46.54884258557087,FTV
2016-08-12,51.9439926147461,49.18813304901123,1.4011754162693868,51.99048388155,46.38578221647246,FTV
2016-08-15,52.880184173584,49.304910850524905,1.6029738787488217,52.510858608022545,46.098963093027265,FTV
2016-08-16,52.771785736084,49.40345764160156,1.7533147291747495,52.91008709995106,45.89682818325206,FTV
2016-08-17,52.6338119506836,49.55472621917725,1.8965850978084202,53.347896414794086,45.76155602356041,FTV
2016-08-18,52.3874549865723,49.69860420227051,1.9993681977261992,53.697340597722906,45.69986780681811,FTV
2016-08-19,51.1654739379883,49.82277278900146,2.010002151879946,53.84277709276135,45.80276848524157,FTV
2016-08-22,50.5150604248047,49.93511619567871,1.9811238860665952,53.8973639678119,45.97286842354552,FTV
2016-08-23,51.1457595825195,50.06421241760254,1.9711620161475498,54.00653644989764,46.12188838530744,FTV
2016-08-24,50.6918411254883,50.1883508682251,1.925839247418265,54.04002936306163,46.33667237338857,FTV
2016-08-25,50.938533782959,50.33812770843506,1.85728689519772,54.0527014988305,46.62355391803962,FTV
2016-08-26,51.1852378845215,50.5219202041626,1.74085597704023,54.00363215824306,47.04020825008214,FTV
2016-08-29,51.7181091308594,50.75255832672119,1.5606177176429035,53.873793762007,47.63132289143539,FTV
2016-08-30,51.9154663085938,51.00784606933594,1.2727488372543698,53.55334374384468,48.4623483948272,FTV
2016-08-31,51.9746742248535,51.17838802337646,1.1506926648420737,53.47977335306061,48.87700269369232,FTV
2016-09-01,51.9352035522461,51.310001373291016,1.0727924364547181,53.455586246200454,49.16441650038158,FTV
2016-09-02,52.6753005981445,51.45151901245117,1.055908285073689,53.56333558259855,49.339702442303796,FTV
2016-09-06,52.0338859558105,51.58708095550537,0.9353698573237362,53.45782067015284,49.7163412408579,FTV
2016-09-07,52.2411117553711,51.7128023147583,0.8358413033551085,53.38448492146852,50.04111970804808,FTV
2016-09-08,51.6391639709473,51.80891857147217,0.6924695967947185,53.19385776506161,50.42397937788273,FTV
2016-09-09,49.8826599121094,51.713735580444336,0.815621635281636,53.34497885100761,50.08249230988106,FTV
2016-09-12,50.5339431762695,51.643233108520505,0.8546779704724156,53.35258904946534,49.93387716757567,FTV
2016-09-13,49.37939453125,51.46819362640381,0.9420346119350547,53.35226285027392,49.5841244025337,FTV
2016-09-14,49.3596572875977,51.29758720397949,1.0006733803264662,53.298933964632425,49.29624044332655,FTV
2016-09-15,49.8234558105469,51.15706939697266,1.0004803787619316,53.15803015449652,49.156108639448796,FTV
2016-09-16,49.5964851379395,51.017520904541016,1.0143797086504445,53.046280321841905,48.988761487240126,FTV
2016-09-19,50.1096229553223,50.964728355407715,1.0335683002492642,53.031864955906244,48.897591754909186,FTV
2016-09-20,49.5866203308105,50.91830635070801,1.0748533712377644,53.06801309318354,48.76859960823248,FTV
2016-09-21,50.3069839477539,50.87636756896973,1.0818524197188926,53.04007240840751,48.71266272953194,FTV
2016-09-22,50.9582786560059,50.889689445495605,1.0811007663471854,53.051890978189974,48.72748791280124,FTV
2016-09-23,50.208309173584,50.85317821502686,1.0916436274953814,53.03646547001762,48.6698909600361,FTV
2016-09-26,50.543815612793,50.82110710144043,1.090796446074267,53.00269999358897,48.639514209291896,FTV
2016-09-27,50.9286689758301,50.78163509368896,1.0707276664104504,52.923090426509866,48.64017976086806,FTV
2016-09-28,51.0372123718262,50.737722396850586,1.0393286547487144,52.816379706348016,48.659065087353156,FTV
2016-09-29,50.0306854248047,50.640522956848145,1.0079884562663448,52.65649986938084,48.62454604431545,FTV
2016-09-30,50.2280464172363,50.55516510009765,0.963900890537682,52.48296688117302,48.62736331902229,FTV
2016-10-03,50.7115669250488,50.45697841644287,0.8268414254077036,52.11066126725828,48.803295565627465,FTV
2016-10-04,50.1392288208008,50.36224555969238,0.7407147773919274,51.84367511447624,48.880816004908525,FTV
2016-10-05,50.2675132751465,50.263565635681154,0.5942084838763729,51.4519826034339,49.07514866792841,FTV
2016-10-06,50.0306854248047,50.18314170837402,0.4995362573039389,51.1822142229819,49.18406919376615,FTV
2016-10-07,49.2708435058594,50.152550888061526,0.5362872222164689,51.225125332494464,49.07997644362859,FTV
2016-10-10,49.290584564209,50.090382957458495,0.561234754503175,51.212852466464845,48.967913448452144,FTV
2016-10-11,48.5702171325684,50.04992408752442,0.6389698013380205,51.32786369020046,48.771984484848375,FTV
2016-10-12,48.3432540893555,49.9991039276123,0.7306077566662184,51.46031944094474,48.53788841427987,FTV
2016-10-13,48.1755027770996,49.916706275939944,0.8366866867219168,51.590079649383775,48.243332902496114,FTV
2016-10-14,48.8070487976074,49.87723445892334,0.8705257116503153,51.61828588222397,48.13618303562271,FTV
2016-10-17,48.4123344421387,49.79237003326416,0.9275426932806831,51.647455419825526,47.9372846467028,FTV
2016-10-18,48.4419441223145,49.73513622283936,0.9750081384032511,51.68515249964586,47.78511994603286,FTV
2016-10-19,48.737979888916,49.656686019897464,0.9895878667952731,51.63586175348801,47.67751028630692,FTV
2016-10-20,48.0570907592773,49.511626625061034,1.0013179689231844,51.514262562907405,47.50899068721466,FTV
2016-10-21,48.0274810791016,49.40258522033692,1.0394744798814448,51.48153418009981,47.32363626057403,FTV
2016-10-24,47.909065246582,49.270847702026366,1.054083196579109,51.37901409518459,47.162681308868144,FTV
2016-10-25,47.2873840332031,49.08878345489502,1.0670555963637751,51.222894647622574,46.95467226216747,FTV
2016-10-26,47.1393661499023,48.893891143798825,1.0482501106499968,50.990391365098816,46.797390922498835,FTV
2016-10-27,46.8630561828613,48.73550968170166,1.1052037974865383,50.945917276674734,46.52510208672858,FTV
2016-10-28,49.5471496582031,48.70146484375,1.066621468156307,50.834707780062615,46.56822190743739,FTV
2016-10-31,50.3760604858398,48.68468952178955,1.0355287926829626,50.75574710715548,46.61363193642362,FTV
2016-11-01,49.8234558105469,48.668900871276854,1.0143755192591999,50.697651909795255,46.64014983275845,FTV
2016-11-02,49.6556968688965,48.63831005096436,0.9719672115094451,50.582244473983245,46.69437562794547,FTV
2016-11-03,50.3069839477539,48.65212497711182,0.9945014962069676,50.641127969525755,46.66312198469788,FTV
2016-11-04,50.4352722167969,48.710346412658694,1.0642674288630916,50.838881270384874,46.581811554932514,FTV
2016-11-07,51.1062965393066,48.80113201141357,1.1867624743655418,51.17465696014465,46.42760706268249,FTV
2016-11-08,51.9549446105957,48.97036838531494,1.3780247393918688,51.72641786409868,46.214318906531204,FTV
2016-11-09,52.7542381286621,49.190917587280275,1.606428702528083,52.40377499233644,45.97806018222411,FTV
2016-11-10,53.4844779968262,49.4563663482666,1.8499784239043051,53.156323196075206,45.75640950045799,FTV
2016-11-11,52.6950378417969,49.65076580047607,1.9780045770574286,53.60677495459093,45.69475664636121,FTV
2016-11-14,53.1094970703125,49.885623931884766,2.0984139745130066,54.08245188091078,45.68879598285875,FTV
2016-11-15,53.4055290222168,50.13380317687988,2.2092764314381736,54.552356039756226,45.715250314003534,FTV
2016-11-16,53.7212982177734,50.38296909332276,2.3217197527800573,55.026408598882874,45.73952958776264,FTV
2016-11-17,53.7805099487305,50.66914005279541,2.372129479436318,55.41339901166805,45.92488109392278,FTV
2016-11-18,53.908805847168,50.96320629119873,2.3918781472171373,55.74696258563301,46.179449996764454,FTV
2016-11-21,54.1061592102051,51.273060989379886,2.376759372743334,56.02657973486655,46.51954224389322,FTV
2016-11-22,54.7088737487793,51.64413547515869,2.2998395852671716,56.243814645693035,47.04445630462435,FTV
2016-11-23,55.2035331726074,52.04734382629395,2.171838973962217,56.39102177421838,47.70366587836951,FTV
2016-11-25,55.3717155456543,52.47277679443359,1.9218350714963761,56.31644693742634,48.62910665144084,FTV
2016-11-28,54.9957695007324,52.74520778656006,1.8707917820651103,56.48679135069028,49.003624222429835,FTV
2016-11-29,54.6890869140625,52.96085910797119,1.8314945468302062,56.6238482016316,49.297870014310774,FTV
2016-11-30,54.4021949768066,53.18979606628418,1.7001390073938012,56.59007408107178,49.78951805149658,FTV
2016-12-01,53.6107406616211,53.38754825592041,1.48366897446528,56.35488620485097,50.420210306989844,FTV
2016-12-02,53.8976440429688,53.56708126068115,1.2967546160211887,56.16059049272353,50.97357202863877,FTV
2016-12-05,53.3337364196777,53.71200447082519,1.070564173448837,55.853132817722866,51.57087612392752,FTV
2016-12-06,53.4227714538574,53.82782821655273,0.8826301738556858,55.5930885642641,52.06256786884136,FTV
2016-12-07,53.6602096557617,53.91309146881103,0.7669725511095946,55.447036571030225,52.37914636659184,FTV
2016-12-08,53.1061897277832,53.93068904876709,0.7426356636030905,55.41596037597327,52.445417721560915,FTV
2016-12-09,53.4227714538574,53.92760372161865,0.7447123232540074,55.417028368126665,52.43817907511064,FTV
2016-12-12,53.4128799438477,53.96349582672119,0.6980155894371838,55.35952700559556,52.567464647846826,FTV
2016-12-13,53.2743797302246,53.9717399597168,0.6883044500332365,55.34834885978327,52.59513105965033,FTV
2016-12-14,53.6700973510742,53.98496837615967,0.6793336874950928,55.343635751149854,52.62630100116949,FTV
2016-12-15,54.2241172790527,54.01010932922363,0.6783656759277031,55.36684068107904,52.65337797736822,FTV
2016-12-16,54.243896484375,54.03327865600586,0.6780243754188479,55.389327406843556,52.67722990516817,FTV
2016-12-19,54.3725051879883,54.056463623046874,0.6814633760675872,55.41939037518205,52.6935368709117,FTV
2016-12-20,54.4615440368652,54.07423286437988,0.687434586248124,55.44910203687613,52.69936369188363,FTV
2016-12-21,53.5414924621582,54.01586380004883,0.6802346432481124,55.37633308654505,52.6553945135526,FTV
2016-12-22,53.5118026733398,53.93127727508545,0.6279492815783583,55.18717583824217,52.67537871192873,FTV
2016-12-23,53.927318572998,53.85905742645264,0.5287982817937633,54.91665399004016,52.80146086286511,FTV
2016-12-27,53.8778495788574,53.803161430358884,0.45645524316969877,54.71607191669828,52.890250944019485,FTV
2016-12-28,53.1754455566406,53.72747936248779,0.42632358224726036,54.58012652698231,52.87483219799327,FTV
2016-12-29,53.4326591491699,53.679002571105954,0.3998658953320439,54.478734361770044,52.879270780441864,FTV
2016-12-30,53.0567207336426,53.651301574707034,0.42334445622203154,54.4979904871511,52.80461266226297,FTV
2017-01-03,53.1556510925293,53.61420192718506,0.4330216449891605,54.48024521716338,52.748158637206735,FTV
2017-01-04,53.6700973510742,53.63101997375488,0.4280588756391214,54.48713772503312,52.77490222247664,FTV
2017-01-05,53.3634147644043,53.628052139282225,0.4297810066863358,54.4876141526549,52.76849012590955,FTV
2017-01-06,53.2941589355469,53.60974960327148,0.4360874773183706,54.48192455790822,52.73757464863474,FTV
2017-01-09,53.1556510925293,53.61222267150879,0.43321224028550154,54.478647152079795,52.74579819093778,FTV
2017-01-10,53.2249069213867,53.60232944488526,0.4399729815444435,54.48227540797414,52.72238348179637,FTV
2017-01-11,53.0864067077637,53.586005783081056,0.45322842990649953,54.492462642894054,52.67954892326806,FTV
2017-01-12,53.0963020324707,53.57710189819336,0.46134914093887913,54.49980018007112,52.654403616315605,FTV
2017-01-13,54.1746520996094,53.602329635620116,0.4801154949482222,54.56256062551656,52.64209864572367,FTV
2017-01-17,53.5513801574707,53.56869277954102,0.45728340258753886,54.483259584716095,52.65412597436594,FTV
2017-01-18,53.561279296875,53.53456192016601,0.42882401621846183,54.39220995260294,52.676913887729086,FTV
2017-01-19,53.6898880004883,53.500431060791016,0.38337762479907334,54.267186310389164,52.73367581119287,FTV
2017-01-20,53.9372138977051,53.47421455383301,0.3281434739030424,54.130501501639095,52.81792760602692,FTV
2017-01-23,53.5315895080566,53.47371940612793,0.3280440691541086,54.12980754443615,52.817631267819706,FTV
2017-01-24,54.115291595459,53.50389385223389,0.3581090623173183,54.22011197686852,52.78767572759925,FTV
2017-01-25,54.580265045166,53.53654117584229,0.4226837442746095,54.38190866439151,52.691173687293066,FTV
2017-01-26,55.0947036743164,53.59738388061523,0.5444413678260928,54.68626661626742,52.50850114496305,FTV
2017-01-27,55.332145690918,53.7052188873291,0.6581757273264881,55.02157034198208,52.38886743267613,FTV
2017-01-30,54.8473777770996,53.77595481872559,0.7019100688984297,55.179774956522444,52.37213468092873,FTV
2017-01-31,54.7187652587891,53.85905704498291,0.7106095014758719,55.280276047934656,52.43783804203117,FTV
2017-02-01,54.5406913757324,53.92830905914307,0.7059252981864232,55.34015965551591,52.516458462770224,FTV
2017-02-02,54.6198348999023,53.975795936584475,0.7194557386423718,55.414707413869216,52.536884459299735,FTV
2017-02-03,55.4211769104004,54.07868404388428,0.7724571473175305,55.62359833851934,52.53376974924922,FTV
2017-02-06,55.2134208679199,54.17464714050293,0.7889059893413534,55.75245911918563,52.59683516182022,FTV
2017-02-07,55.045238494873,54.26912651062012,0.7734451252374416,55.816016761095,52.72223626014524,FTV
2017-02-08,55.5794677734375,54.386854553222655,0.7852432310913237,55.957341015405305,52.816368091040005,FTV
2017-02-09,56.4104881286621,54.55305862426758,0.8450158544687923,56.24309033320516,52.863026915329996,FTV
2017-02-10,56.5391082763672,54.725198936462405,0.882478322470583,56.49015558140357,52.96024229152124,FTV
2017-02-13,56.9150352478027,54.86221809387207,0.9977181350706895,56.85765436401345,52.8667818237307,FTV
2017-02-14,56.6776008605957,55.01852912902832,1.0260307721841007,57.070590673396524,52.96646758466012,FTV
2017-02-15,56.9645004272461,55.188690185546875,1.053469837726023,57.29562986099892,53.08175051009483,FTV
2017-02-16,56.7765312194824,55.34302234649658,1.0484233305807897,57.43986900765816,53.246175685335004,FTV
2017-02-17,57.0733261108398,55.49982795715332,1.0615413781645466,57.62291071348241,53.37674520082423,FTV
2017-02-21,57.5086288452148,55.69867992401123,1.0458189481646163,57.79031782034046,53.607042027682,FTV
2017-02-22,57.1421356201172,55.85002212524414,1.0233938554634738,57.89680983617109,53.80323441431719,FTV
2017-02-23,56.7162170410156,55.956819725036624,0.9949678843766618,57.94675549378995,53.9668839562833,FTV
2017-02-24,57.2411880493164,56.06414394378662,1.0126891993929663,58.08952234257255,54.038765545000686,FTV
2017-02-27,57.1025199890137,56.152662658691405,1.0226627006858358,58.197988060063075,54.107337257319735,FTV
2017-02-28,57.1025199890137,56.26541976928711,0.9951227904705444,58.2556653502282,54.275174188346014,FTV
2017-03-01,58.3505516052246,56.44700908660889,1.0288281271542838,58.504665340917455,54.38935283230032,FTV
2017-03-02,58.0732078552246,56.6236349105835,0.986695723791057,58.597026358165614,54.65024346300138,FTV
2017-03-03,58.1722679138184,56.801256561279295,0.9248004409369933,58.650857443153285,54.951655679405306,FTV
2017-03-06,57.7760543823242,56.919000434875485,0.8890621850651322,58.69712480500575,55.14087606474522,FTV
2017-03-07,57.647289276123,57.040693855285646,0.8060108728204088,58.65271560092646,55.42867210964483,FTV
2017-03-08,57.6175804138184,57.16931095123291,0.6634648237059276,58.49624059864476,55.84238130382106,FTV
2017-03-09,57.4690093994141,57.263788032531735,0.5499868575296878,58.36376174759111,56.16381431747236,FTV
2017-03-10,57.7562484741211,57.331076049804686,0.5216909924702929,58.374458034745274,56.2876940648641,FTV
2017-03-13,58.2118835449219,57.41471481323242,0.5221296660492234,58.45897414533087,56.37045548113397,FTV
2017-03-14,57.993968963623,57.46866149902344,0.5235214357288697,58.51570437048118,56.4216186275657,FTV
2017-03-15,59.1330490112305,57.591433906555174,0.6091567405150259,58.809747387585226,56.37312042552512,FTV
2017-03-16,58.9448509216309,57.69045143127441,0.6606603307923394,59.01177209285909,56.36913076968973,FTV
2017-03-17,59.0141983032227,57.802334785461426,0.6867033110049593,59.17574140747134,56.42892816345151,FTV
2017-03-20,58.4397010803223,57.870653533935545,0.6782756941356184,59.22720492220678,56.51410214566431,FTV
2017-03-21,57.954345703125,57.89293937683105,0.6730570381677969,59.23905345316665,56.546825300495456,FTV
2017-03-22,57.9345397949219,57.93255958557129,0.6494426294825193,59.23144484453633,56.633674326606254,FTV
2017-03-23,57.9741592407227,57.99545669555664,0.5829534272052433,59.16136354996713,56.829549841146154,FTV
2017-03-24,58.7467575073242,58.070735168457034,0.5776109607199913,59.225957089897015,56.91551324701705,FTV
2017-03-27,58.5189437866211,58.141556358337404,0.5381347674046806,59.21782589314677,57.06528682352804,FTV
2017-03-28,59.024097442627,58.23763523101807,0.5138528728134427,59.26534097664495,57.209929485391186,FTV
2017-03-29,59.0835189819336,58.27428359985352,0.5473744930314299,59.36903258591638,57.17953461379066,FTV
2017-03-30,59.0538101196289,58.32331371307373,0.5717889275963602,59.46689156826645,57.17973585788101,FTV
2017-03-31,59.6481132507324,58.39710597991943,0.6421707423918318,59.6814474647031,57.112764495135764,FTV
2017-04-03,59.558967590332,58.48625164031982,0.6743636503286806,59.83497894097718,57.13752433966246,FTV
2017-04-04,59.4500122070312,58.57638778686523,0.6767976611232357,59.9299831091117,57.22279246461876,FTV
2017-04-05,59.6778297424316,58.679400253295896,0.6799643119894327,60.03932887727476,57.31947162931703,FTV
2017-04-06,59.9947853088379,58.80568904876709,0.6778795295065773,60.161448107780245,57.44992998975394,FTV
2017-04-07,59.8957443237305,58.91266384124756,0.6723452798812954,60.25735440101015,57.56797328148497,FTV
2017-04-10,60.4207038879395,59.02310485839844,0.7301067955593307,60.4833184495171,57.56289126727978,FTV
2017-04-11,60.1928901672363,59.1330509185791,0.7325362208177413,60.598123360214586,57.66797847694362,FTV
2017-04-12,59.9254493713379,59.172670936584474,0.7536604489104027,60.67999183440528,57.66535003876367,FTV
2017-04-13,59.7570686340332,59.21328182220459,0.7625687614116701,60.738419345027935,57.68814429938125,FTV
2017-04-17,59.9056396484375,59.25785388946533,0.7762495166590719,60.81035292278347,57.70535485614719,FTV
2017-04-18,59.6976356506348,59.320750617980956,0.7571976360010041,60.83514588998296,57.80635534597895,FTV
2017-04-19,59.4400978088379,59.3950382232666,0.6855817865136614,60.76620179629393,58.02387465023928,FTV
2017-04-20,60.0344047546387,59.50003147125244,0.6063561396517889,60.71274375055602,58.28731919194886,FTV
2017-04-21,59.4400978088379,59.5733283996582,0.4895510714440928,60.55243054254639,58.594226256770014,FTV
2017-04-24,60.846622467041,59.67832164764404,0.5267143178040077,60.731750283252055,58.624893012036026,FTV
2017-04-25,61.7380790710449,59.83927841186524,0.6345920155861713,61.10846244303758,58.57009438069289,FTV
2017-04-26,61.6588325500488,59.97101516723633,0.7236820795701046,61.41837932637654,58.523651008096124,FTV
2017-04-27,61.7281684875488,60.10324764251709,0.7914287232363864,61.68610508898986,58.52039019604432,FTV
2017-04-28,62.659236907959,60.2835189819336,0.9370344022672921,62.157587786468184,58.40945017739901,FTV
2017-05-01,61.7479782104492,60.388512229919435,0.9788033697462261,62.34611896941189,58.43090549042698,FTV
2017-05-02,61.5894966125488,60.49003868103027,0.9934292406834472,62.476897162397165,58.503180199663376,FTV
2017-05-03,62.0748443603516,60.62128028869629,1.0217785899722456,62.66483746864078,58.5777231087518,FTV
2017-05-04,62.2234230041504,60.74855995178223,1.0560442162373225,62.86064838425687,58.636471519307584,FTV
2017-05-05,62.5403747558594,60.875839424133304,1.11231813757629,63.10047569928588,58.65120314898073,FTV
2017-05-08,62.2927513122559,60.99568977355957,1.1301502441375713,63.25599026183471,58.73538928528443,FTV
2017-05-09,62.1045608520508,61.07988262176514,1.147646779935558,63.375176181636256,58.78458906189402,FTV
2017-05-10,61.9757957458496,61.1690279006958,1.1443623044904616,63.45775250967672,58.88030329171488,FTV
2017-05-11,62.0253219604492,61.274021530151366,1.1203386543550478,63.51469883886146,59.03334422144127,FTV
2017-05-12,61.5894966125488,61.36564292907715,1.0632250871300026,63.492093103337155,59.23919275481714,FTV
2017-05-15,61.6291236877441,61.45181713104248,1.0070226256061467,63.46586238225478,59.43777187983019,FTV
2017-05-16,61.7380790710449,61.55383930206299,0.9195084374892639,63.392856177041516,59.714822427084464,FTV
2017-05-17,60.6188049316406,61.61277465820312,0.8078997532682609,63.22857416473964,59.996975151666604,FTV
2017-05-18,60.5791854858398,61.640013694763184,0.7596243509920486,63.15926239674728,60.12076499277909,FTV
2017-05-19,61.2527275085449,61.730645179748535,0.5670622959028558,62.86476977155424,60.59652058794283,FTV
2017-05-22,61.8074111938477,61.77868461608887,0.5275501680667398,62.833784952222345,60.72358427995539,FTV
2017-05-23,62.0154113769531,61.79255123138428,0.5300655126016618,62.852682256587606,60.732420206180954,FTV
2017-05-24,62.5508880615234,61.83715400695801,0.5551588400379466,62.947471687033904,60.726836326882115,FTV
2017-05-25,63.1061782836914,61.90605449676514,0.622364956282328,63.150784409329795,60.66132458420048,FTV
2017-05-26,62.9772758483887,61.92195644378662,0.6462278658988189,63.21441217558426,60.62950071198898,FTV
2017-05-30,62.8186187744141,61.97548847198486,0.674771695786195,63.32503186355725,60.62594508041247,FTV
2017-05-31,61.9261627197266,61.99232177734375,0.6688086854977828,63.329939148339314,60.65470440634818,FTV
2017-06-01,62.4616355895996,62.01166133880615,0.6768643338787295,63.36539000656361,60.65793267104869,FTV
2017-06-02,62.878116607666,62.044396018981935,0.7029723266008718,63.45034067218368,60.63845136578019,FTV
2017-06-05,62.7888679504395,62.056820678710935,0.7143045146475722,63.48542970800608,60.62821164941579,FTV
2017-06-06,62.6698799133301,62.07567710876465,0.7257466179369552,63.52717034463856,60.62418387289074,FTV
2017-06-07,62.8285369873047,62.11187591552734,0.7450613386744493,63.60199859287624,60.62175323817844,FTV
2017-06-08,63.1656799316406,62.171370124816896,0.7802970231492804,63.73196417111546,60.610776078518334,FTV
2017-06-09,62.5607948303223,62.198143768310544,0.7841989012462672,63.76654157080308,60.62974596581801,FTV
2017-06-12,61.9360847473145,62.21547317504883,0.7738015460633881,63.763076267175606,60.66787008292205,FTV
2017-06-13,62.7392921447754,62.27098159790039,0.7693320654870612,63.80964572887451,60.73231746692627,FTV
2017-06-14,62.4219741821289,62.30517635345459,0.7595356179569585,63.82424758936851,60.78610511754067,FTV
2017-06-15,62.5112152099609,62.399796867370604,0.6480958079337475,63.6959884832381,61.10360525150311,FTV
2017-06-16,63.512752532959,62.54647521972656,0.5367685514639294,63.62001232265442,61.4729381167987,FTV
2017-06-19,64.2465515136719,62.69616641998291,0.5732004441975055,63.84256730837792,61.549765531587894,FTV
2017-06-20,63.9292259216309,62.80225715637207,0.595953955789672,63.994165067951414,61.61034924479273,FTV
2017-06-21,63.8300666809082,62.89298992156982,0.60787285181649,64.1087356252028,61.67724421793684,FTV
2017-06-22,63.5623207092285,62.94356155395508,0.619868360225019,64.18329827440512,61.70382483350504,FTV
2017-06-23,63.5623207092285,62.966368675231934,0.6343879890338895,64.23514465329971,61.697592697164154,FTV
2017-06-26,63.5722389221191,62.99611682891846,0.6487143166805701,64.2935454622796,61.69868819555732,FTV
2017-06-27,62.8384475708008,62.99710826873779,0.6484438621647931,64.29399599306737,61.700220544408204,FTV
2017-06-28,63.8697319030762,63.09428672790527,0.6247013595959789,64.34368944709723,61.844884008713315,FTV
2017-06-29,62.3327293395996,63.08784141540527,0.6321923148752526,64.35222604515577,61.82345678565477,FTV
2017-06-30,62.8186187744141,63.084866523742676,0.6333700453502339,64.35160661444314,61.81812643304221,FTV
2017-07-03,62.7987861633301,63.08536243438721,0.6331299264373665,64.35162228726195,61.819102581512475,FTV
2017-07-05,63.0764427185059,63.105690574646,0.6255694560100251,64.35682948666604,61.854551662625944,FTV
2017-07-06,62.7987861633301,63.10420303344726,0.6262981336767889,64.35679930080084,61.85160676609369,FTV
2017-07-07,63.3144264221191,63.11164035797119,0.6279476126701737,64.36753558331154,61.855745132630844,FTV
2017-07-10,64.0581207275391,63.18650665283203,0.6477629900149036,64.48203263286183,61.89098067280222,FTV
2017-07-11,63.4334144592285,63.261373138427736,0.5784575516965315,64.4182882418208,62.104458035034675,FTV
2017-07-12,64.1572875976562,63.332272911071776,0.5976800870331056,64.52763308513799,62.13691273700557,FTV
2017-07-13,63.8498916625977,63.40366878509521,0.5677539414100747,64.53917666791536,62.26816090227506,FTV
2017-07-14,64.0184631347656,63.47903118133545,0.5425308681502744,64.564092917636,62.393969445034905,FTV
2017-07-17,63.601978302002,63.4834924697876,0.543189213813039,64.56987089741368,62.39711404216152,FTV
2017-07-18,63.2152633666992,63.43192806243896,0.515167111529917,64.4622622854988,62.40159383937913,FTV
2017-07-19,63.4334144592285,63.40713748931885,0.5017312921824092,64.41060007368367,62.40367490495403,FTV
2017-07-20,62.9673614501953,63.3640022277832,0.5005403579753342,64.36508294373387,62.36292151183253,FTV
2017-07-21,62.7194595336914,63.321859169006345,0.5181371828936546,64.35813353479365,62.28558480321904,FTV
2017-07-24,62.7591209411621,63.28169918060303,0.5295207730641541,64.34074072673134,62.22265763447472,FTV
2017-07-25,62.5409698486328,63.23013572692871,0.5495712941522395,64.32927831523318,62.13099313862423,FTV
2017-07-26,61.6584281921387,63.1711347579956,0.6483081713738175,64.46775110074324,61.87451841524797,FTV
2017-07-27,62.0550804138184,63.08040218353271,0.6719436670859004,64.42428951770451,61.73651484936091,FTV
2017-07-28,63.9292259216309,63.16022701263428,0.6732757522575742,64.50677851714943,61.81367550811913,FTV
2017-07-31,64.1969680786133,63.22914447784424,0.7062073663789507,64.64155921060214,61.816729745086334,FTV
2017-08-01,64.6530914306641,63.321859741210936,0.7659305412571938,64.85372082372533,61.78999865869655,FTV
2017-08-02,65.7240447998047,63.45423984527588,0.9320638104492062,65.3183674661743,61.590112224377464,FTV
2017-08-03,65.9719390869141,63.61289749145508,1.0738974996804727,65.76069249081603,61.46510249209413,FTV
2017-08-04,66.606575012207,63.77750492095947,1.261639888537786,66.30078469803505,61.2542251438839,FTV
2017-08-07,66.6561584472656,63.9074068069458,1.4163217715840961,66.74005035011399,61.07476326377761,FTV
2017-08-08,66.3586807250977,64.05367012023926,1.5125718041660476,67.07881372857136,61.02852651190717,FTV
2017-08-09,66.2595138549805,64.15878143310547,1.5911538023351424,67.34108903777576,60.97647382843519,FTV
2017-08-10,64.9803314208984,64.21530342102051,1.5996590890230464,67.4146215990666,61.015985242974416,FTV
2017-08-11,65.0497436523438,64.26686744689941,1.6095707542671098,67.48600895543363,61.04772593836519,FTV
2017-08-14,65.6942901611328,64.37148303985596,1.6319218865329777,67.63532681292192,61.10763926679,FTV
2017-08-15,65.5653839111328,64.48898906707764,1.6288939395594073,67.74677694619645,61.231201187958824,FTV
2017-08-16,65.5951232910156,64.59707450866699,1.6268836819174042,67.8508418725018,61.34330714483218,FTV
2017-08-17,64.6134338378906,64.67937812805175,1.5810903139209151,67.84155875589359,61.517197500209924,FTV
2017-08-18,64.4845199584961,64.76763114929199,1.5137614692386343,67.79515408776925,61.74010821081472,FTV
2017-08-21,64.8712463378906,64.87323741912842,1.4380463921923203,67.74933020351305,61.997144634743776,FTV
2017-08-22,65.3075637817383,65.01156711578369,1.3309679177830473,67.67350295134979,62.349631280217594,FTV
2017-08-23,64.5531311035156,65.15630226135254,1.0810738826208002,67.31845002659414,62.99415449611094,FTV
2017-08-24,64.4042358398438,65.27376003265381,0.8232731352086069,66.92030630307103,63.6272137622366,FTV
2017-08-25,64.2156372070312,65.28808059692383,0.8008398491303448,66.88976029518453,63.686400898663145,FTV
2017-08-28,64.0171051025391,65.27908744812012,0.8146287323667464,66.90834491285362,63.64982998338663,FTV
2017-08-29,63.9873046875,65.24579811096191,0.8541985331829914,66.9541951773279,63.53740104459593,FTV
2017-08-30,64.3248138427734,65.17583656311035,0.8701193902065056,66.91607534352336,63.43559778269734,FTV
2017-08-31,64.4935836791992,65.1019187927246,0.8616831859086479,66.8252851645419,63.378552420907305,FTV
2017-09-01,64.6226196289062,65.00272102355957,0.7906158074943694,66.58395263854831,63.421489408570835,FTV
2017-09-05,64.6126937866211,64.90054779052734,0.6915228156458542,66.28359342181905,63.51750215923563,FTV
2017-09-06,64.2553482055664,64.79538116455078,0.6136518278987383,66.02268482034825,63.5680775087533,FTV
2017-09-07,65.0891647338867,64.73686370849609,0.5144716834799078,65.76580707545591,63.70792034153627,FTV
2017-09-08,65.9925155639648,64.78747291564942,0.5846771654032754,65.95682724645597,63.61811858484287,FTV
2017-09-11,67.0248794555664,64.88622970581055,0.7690474073613361,66.42432452053322,63.34813489108788,FTV
2017-09-12,67.372314453125,64.97013092041016,0.9353893581583766,66.8409096367269,63.0993522040934,FTV
2017-09-13,68.1862945556641,65.10117645263672,1.1758543490003495,67.45288515063741,62.74946775463602,FTV
2017-09-14,68.6826324462891,65.25555191040038,1.421197483727735,68.09794687785586,62.413156942944916,FTV
2017-09-15,68.8513870239258,65.46744956970215,1.6221484397582768,68.71174644921871,62.2231526901856,FTV
2017-09-18,69.7944030761719,65.73294372558594,1.8686130339455165,69.47016979347697,61.99571765769491,FTV
2017-09-19,69.5661239624023,65.96768760681152,2.0415581418753326,70.0508038905622,61.88457132306086,FTV
2017-09-20,69.6554489135742,66.18508186340333,2.1934093627781777,70.57190058895968,61.79826313784697,FTV
2017-09-21,69.4172134399414,66.42828598022462,2.2712191766389345,70.97072433350249,61.88584762694675,FTV
2017-09-22,69.5164794921875,66.6838981628418,2.3186169068833844,71.32113197660857,62.04666434907503,FTV
2017-09-25,69.5164794921875,66.94894027709961,2.3245821497931036,71.59810457668581,62.299775977513406,FTV
2017-09-26,69.3377914428711,67.21497459411621,2.275330265170376,71.76563512445696,62.664314063775464,FTV
2017-09-27,69.6951522827148,67.50036697387695,2.206090619754916,71.91254821338678,63.088185734367116,FTV
2017-09-28,69.4072799682617,67.75449028015137,2.1117526646029683,71.97799560935731,63.53098495094544,FTV
2017-09-29,70.2708969116211,68.04335594177246,2.035997235007334,72.11535041178713,63.971361471757795,FTV
2017-10-02,71.0253372192383,68.36349182128906,1.9721941543702315,72.30788013002952,64.4191035125486,FTV
2017-10-03,70.9558486938477,68.68064956665039,1.8430737115380385,72.36679698972647,64.99450214357431,FTV
2017-10-04,71.3826904296875,69.03701667785644,1.6176538525579016,72.27232438297224,65.80170897274064,FTV
2017-10-05,71.0451812744141,69.3348175048828,1.3839827952045778,72.10278309529197,66.56685191447365,FTV
2017-10-06,71.0253372192383,69.58645858764649,1.1879475692996486,71.9623537262458,67.21056344904719,FTV
2017-10-09,71.3727645874023,69.80385284423828,1.0881458237118078,71.98014449166189,67.62756119681467,FTV
2017-10-10,71.3926086425781,70.00486755371094,0.9814273469740206,71.96772224765898,68.04201285976289,FTV
2017-10-11,71.8194580078125,70.18652572631837,0.9631726642981037,72.11287105491458,68.26018039772215,FTV
2017-10-12,72.3554992675781,70.37016906738282,1.0103304236575439,72.3908299146979,68.34950822006773,FTV
2017-10-13,71.8194580078125,70.51857261657715,0.9933423378581265,72.5052572922934,68.5318879408609,FTV
2017-10-16,71.4918746948242,70.60344619750977,1.0007017516909769,72.60484970089172,68.60204269412782,FTV
2017-10-17,70.9657669067383,70.67342834472656,0.9728948874693636,72.61921811966529,68.72763856978783,FTV
2017-10-18,71.0948104858398,70.74539642333984,0.946507638332977,72.63841170000579,68.85238114667389,FTV
2017-10-19,70.5786209106445,70.803466796875,0.8949553987012616,72.59337759427753,69.01355599947247,FTV
2017-10-20,71.4819564819336,70.9017406463623,0.8531309237486799,72.60800249385966,69.19547879886494,FTV
2017-10-23,71.5613632202148,71.00398483276368,0.7992065502629817,72.60239793328964,69.40557173223772,FTV
2017-10-24,72.7724151611328,71.17571601867675,0.7913081939738773,72.7583324066245,69.593099630729,FTV
2017-10-25,71.938591003418,71.28788795471192,0.7267614862697274,72.74141092725138,69.83436498217246,FTV
2017-10-26,72.9312438964844,71.46408615112304,0.6719366811045709,72.80795951333218,70.1202127889139,FTV
2017-10-27,73.5566177368164,71.62837219238281,0.7606669156134201,73.14970602360965,70.10703836115597,FTV
2017-10-30,71.9286575317383,71.67353820800781,0.7497153740803216,73.17296895616846,70.17410745984716,FTV
2017-10-31,71.7301254272461,71.71225204467774,0.730448252865364,73.17314855040847,70.25135553894701,FTV
2017-11-01,72.3257141113281,71.75940322875977,0.7384478215577538,73.23629887187528,70.28250758564425,FTV
2017-11-02,72.7724151611328,71.8457649230957,0.7514096173611545,73.34858415781801,70.34294568837339,FTV
2017-11-03,73.1000061035156,71.94949836730957,0.7750218543821503,73.49954207607388,70.39945465854527,FTV
2017-11-06,72.3257141113281,71.99714584350586,0.7669498513089246,73.5310455461237,70.46324614088802,FTV
2017-11-07,72.9312438964844,72.07407760620117,0.7801731736600657,73.6344239535213,70.51373125888104,FTV
2017-11-08,72.2363815307617,72.09492378234863,0.778580138184156,73.65208405871694,70.53776350598032,FTV
2017-11-09,72.0974044799805,72.08201904296875,0.7761690511843281,73.6343571453374,70.5296809406001,FTV
2017-11-10,72.1172561645508,72.09690895080567,0.7737196110777054,73.64434817296107,70.54946972865027,FTV
2017-11-13,72.0676193237305,72.12569618225098,0.7606235680163297,73.64694331828363,70.60444904621832,FTV
2017-11-14,72.1371154785156,72.18426361083985,0.7100225213078063,73.60430865345546,70.76421856822424,FTV
2017-11-15,71.3231201171875,72.19567909240723,0.6932213656933269,73.58212182379388,70.80923636102058,FTV
2017-11-16,71.908805847168,72.2621883392334,0.5853254098354368,73.43283915890427,71.09153751956254,FTV
2017-11-17,71.7201919555664,72.27410011291504,0.5708567611977806,73.4158136353106,71.13238659051947,FTV
2017-11-20,72.2760925292969,72.30983657836914,0.5457076326609149,73.40125184369097,71.21842131304732,FTV
2017-11-21,71.9187240600586,72.26715202331543,0.540987898419378,73.3491278201542,71.18517622647667,FTV
2017-11-22,71.541145324707,72.24727973937988,0.5606352340609072,73.3685502075017,71.12600927125806,FTV
2017-11-24,71.6703186035156,72.18423347473144,0.550478547892728,73.2851905705169,71.08327637894598,FTV
2017-11-27,72.2963104248047,72.12121810913087,0.447637656333975,73.01649342179881,71.22594279646292,FTV
2017-11-28,72.8229293823242,72.16593170166016,0.4714224267167519,73.10877655509366,71.22308684822666,FTV
2017-11-29,72.9521026611328,72.22703056335449,0.49075769744942904,73.20854595825335,71.24551516845563,FTV
2017-11-30,74.1742553710938,72.31945762634277,0.6564301383557627,73.63231790305429,71.00659734963125,FTV
2017-12-01,74.1047058105469,72.38607215881348,0.7636581157218436,73.91338839025717,70.85875592736978,FTV
2017-12-04,73.7569427490234,72.41891899108887,0.8087777277876887,74.03647444666424,70.8013635355135,FTV
2017-12-05,72.4850921630859,72.42688789367676,0.8085962012634107,74.04408029620359,70.80969549114994,FTV
2017-12-06,72.8229293823242,72.42147216796874,0.8053967900396685,74.03226574804808,70.81067858788941,FTV
2017-12-07,73.1309432983398,72.46620025634766,0.8192966978087309,74.10479365196512,70.8276068607302,FTV
2017-12-08,73.2203826904297,72.52234916687011,0.8310874714214427,74.184524109713,70.86017422402723,FTV
2017-12-11,72.5447158813477,72.54372215270996,0.8255997869757703,74.1949217266615,70.89252257875842,FTV
2017-12-12,72.0578308105469,72.54323272705078,0.8258997281660886,74.19503218338295,70.89143327071861,FTV
2017-12-13,71.9485473632812,72.53380432128907,0.8318349540349234,74.19747422935892,70.87013441321922,FTV
2017-12-14,70.9449691772461,72.514896774292,0.8644599589079465,74.24381669210788,70.78597685647611,FTV
2017-12-15,71.6007690429688,72.49949493408204,0.8784576302319643,74.25641019454596,70.74257967361811,FTV
2017-12-18,72.266487121582,72.52680969238281,0.861275857211252,74.24936140680532,70.8042579779603,FTV
2017-12-19,72.266487121582,72.52632942199708,0.8614256871114789,74.24918079622003,70.80347804777412,FTV
2017-12-20,72.5248413085938,72.55663528442383,0.8495038523059626,74.25564298903576,70.8576275798119,FTV
2017-12-21,72.336051940918,72.59638061523438,0.817484023127075,74.23134866148852,70.96141256898024,FTV
2017-12-22,72.0081634521484,72.61327285766602,0.8006584151613645,74.21458968798875,71.01195602734329,FTV
2017-12-26,72.1572036743164,72.6063175201416,0.8041533775985409,74.21462427533868,70.99801076494452,FTV
2017-12-27,71.9087982177734,72.56061096191407,0.8170686091271154,74.19474818016829,70.92647374365984,FTV
2017-12-28,72.0379638671875,72.5149040222168,0.8195805370250949,74.15406509626699,70.8757429481666,FTV
2017-12-29,71.888916015625,72.40063705444337,0.7305300225694259,73.86169709958222,70.93957700930451,FTV
2018-01-02,71.9187164306641,72.29133758544921,0.6168373430260659,73.52501227150134,71.05766289939709,FTV
2018-01-03,71.9584655761719,72.20141372680663,0.5145441068137867,73.23050194043421,71.17232551317906,FTV
2018-01-04,73.7768020629883,72.26599922180176,0.6218946581371665,73.5097885380761,71.02220990552743,FTV
2018-01-05,72.9322204589844,72.27146377563477,0.6275008348400011,73.52646544531477,71.01646210595477,FTV
2018-01-08,72.7831878662109,72.25407600402832,0.6069118751459794,73.46789975432029,71.04025225373636,FTV
2018-01-09,73.309814453125,72.25854759216308,0.6146857827326382,73.48791915762835,71.02917602669781,FTV
2018-01-10,72.5546493530273,72.25904426574706,0.6149331434664964,73.48891055268005,71.02917797881408,FTV
2018-01-11,73.2402420043945,72.31816482543945,0.6503873333372299,73.61893949211391,71.017390158765,FTV
2018-01-12,73.9953994750977,72.42050743103027,0.7435366697942088,73.9075807706187,70.93343409144185,FTV
2018-01-16,73.5184707641602,72.54918251037597,0.6958997821400869,73.94098207465615,71.1573829460958,FTV
2018-01-17,74.2636871337891,72.682328414917,0.7569584216313869,74.19624525817977,71.16841157165422,FTV
2018-01-18,73.985466003418,72.76827735900879,0.8034214389592262,74.37512023692724,71.16143448109034,FTV
2018-01-19,74.0848159790039,72.85919380187988,0.8454335128043804,74.55006082748865,71.16832677627112,FTV
2018-01-22,73.7271270751953,72.91930809020997,0.862970411483233,74.64524891317643,71.1933672672435,FTV
2018-01-23,74.5816421508789,73.03158760070801,0.9268132644155417,74.8852141295391,71.17796107187692,FTV
2018-01-24,74.8797378540039,73.17516632080078,0.9807794727307169,75.13672526626222,71.21360737533935,FTV
2018-01-25,74.3332366943359,73.28396797180176,0.9826056167600825,75.24917920532192,71.31875673828159,FTV
2018-01-26,76.08203125,73.49262962341308,1.1100506086856732,75.71273084078443,71.27252840604173,FTV
2018-01-29,75.8932342529297,73.68539314270019,1.176876538724164,76.03914622014852,71.33164006525186,FTV
2018-01-30,75.5454788208008,73.86822128295898,1.1670880417100487,76.20239736637909,71.53404519953888,FTV
2018-01-31,75.535530090332,74.04906196594239,1.1286945855729968,76.30645113708837,71.7916727947964,FTV
2018-02-01,75.0685195922852,74.20456466674804,1.0359373246222532,76.27643931599255,72.13269001750353,FTV
2018-02-02,74.8697891235352,74.25921401977538,1.0410007423873977,76.34121550455018,72.17721253500059,FTV
2018-02-05,71.2033157348633,74.17276878356934,1.2143465907631676,76.60146196509568,71.744075602043,FTV
2018-02-06,71.6504516601562,74.1161319732666,1.3055571342900103,76.72724624184663,71.50501770468658,FTV
2018-02-07,71.2331314086914,74.01229782104492,1.4478845344286688,76.90806688990226,71.11652875218759,FTV
2018-02-08,68.6993713378906,73.81953392028808,1.8523145294767793,77.52416297924164,70.11490486133452,FTV
2018-02-09,71.98828125,73.75693588256836,1.893616008123293,77.54416789881495,69.96970386632177,FTV
2018-02-12,73.8264923095703,73.748490524292,1.892873016402121,77.53423655709624,69.96274449148775,FTV
2018-02-13,73.6675186157227,73.75594291687011,1.8922130383156837,77.54036899350147,69.97151684023875,FTV
2018-02-14,73.7172088623047,73.7286190032959,1.8884370825071422,77.50549316831018,69.95174483828163,FTV
2018-02-15,74.6015319824219,73.7594223022461,1.897848192868416,77.55511868798293,69.96372591650926,FTV
2018-02-16,75.1678848266602,73.8135757446289,1.92290844996065,77.65939264455021,69.9677588447076,FTV
2018-02-20,75.3666152954102,73.89555015563965,1.9537281988453243,77.8030065533303,69.988093757949,FTV
2018-02-21,75.5255966186523,73.94274787902832,1.9823670111111302,77.90748190125058,69.97801385680606,FTV
2018-02-22,76.2615585327148,74.01183891296387,2.0399853144870215,78.0918095419379,69.93186828398983,FTV
2018-02-23,76.7190551757812,74.13112983703613,2.127642362750046,78.38641456253622,69.87584511153604,FTV
2018-02-26,77.5345611572266,74.20375633239746,2.2205050957310455,78.64476652385954,69.76274614093538,FTV
2018-02-27,77.3356704711914,74.27587814331055,2.3002601013089943,78.87639834592854,69.67535794069256,FTV
2018-02-28,76.3808975219727,74.31764907836914,2.331896208574895,78.98144149551894,69.65385666121935,FTV
2018-03-01,74.2923583984375,74.25549049377442,2.3142259168498227,78.88394232747406,69.62703866007477,FTV
2018-03-02,73.5862426757812,74.18137664794922,2.3105502804831195,78.80247720891546,69.56027608698298,FTV
2018-03-05,73.8547515869141,74.13062477111816,2.305776116717684,78.74217700455353,69.5190725376828,FTV
2018-03-06,74.7100601196289,74.30596199035645,2.202477203758585,78.71091639787362,69.90100758283928,FTV
2018-03-07,77.5345611572266,74.60016746520996,2.2219975729093773,79.04416261102872,70.1561723193912,FTV
2018-03-08,77.9323959350586,74.93513069152831,2.1924631494946802,79.32005699051767,70.55020439253896,FTV
2018-03-09,79.8319625854492,75.49176025390625,1.9225604783113561,79.33688121052896,71.64663929728354,FTV
2018-03-12,78.1014556884766,75.79741897583008,1.8194293076788615,79.4362775911878,72.15856036047236,FTV
2018-03-13,77.5644073486328,75.9843147277832,1.7981749907681803,79.58066470931956,72.38796474624684,FTV
2018-03-14,77.1864700317383,76.16026229858399,1.73043521826483,79.62113273511365,72.69939186205433,FTV
2018-03-15,77.6738052368164,76.35809211730957,1.6612183898609398,79.68052889703145,73.03565533758768,FTV
2018-03-16,77.8031005859375,76.51817054748535,1.6371240529180022,79.79241865332136,73.24392244164935,FTV
2018-03-19,77.3555526733398,76.62755393981934,1.615092809695586,79.85773955921051,73.39736832042816,FTV
2018-03-20,77.7334823608398,76.74589729309082,1.6045163120468355,79.95492991718449,73.53686466899715,FTV
2018-03-21,77.9224472045898,76.8657398223877,1.598072369063348,80.06188456051439,73.669595084261,FTV
2018-03-22,76.2715148925781,76.86623764038086,1.5978757925260192,80.0619892254329,73.67048605532882,FTV
2018-03-23,75.6051559448242,76.810542678833,1.6224990423907386,80.05554076361447,73.56554459405153,FTV
2018-03-26,77.6638641357422,76.81700782775879,1.6257901479357177,80.06858812363022,73.56542753188735,FTV
2018-03-27,76.3808975219727,76.76926918029785,1.6237753310574563,80.01681984241277,73.52171851818294,FTV
2018-03-28,76.2317123413086,76.76180992126464,1.6259944679861822,80.013798857237,73.50982098529228,FTV
2018-03-29,77.0969619750977,76.90204010009765,1.5192475319432301,79.94053516398411,73.86354503621119,FTV
2018-04-02,75.0283203125,76.9741439819336,1.381579608747129,79.73730319942786,74.21098476443933,FTV
2018-04-03,75.8836288452148,77.07558784484863,1.2034878980358563,79.48256364092035,74.66861204877691,FTV
2018-04-04,76.2118225097656,77.15067596435547,1.089589104473093,79.32985417330165,74.97149775540929,FTV
2018-04-05,76.9975128173828,77.12382354736329,1.0862430177223699,79.29630958280802,74.95133751191855,FTV
2018-04-06,74.312255859375,76.9428165435791,1.23574837387329,79.41431329132568,74.47131979583251,FTV
2018-04-09,73.7055816650391,76.6364974975586,1.2411858607070416,79.11886921897268,74.15412577614451,FTV
2018-04-10,75.386360168457,76.50074272155761,1.2208378945775928,78.9424185107128,74.05906693240243,FTV
2018-04-11,74.0437164306641,76.32470817565918,1.309967670556347,78.94464351677188,73.70477283454649,FTV
2018-04-12,74.3420867919922,76.18248901367187,1.3647424841687497,78.91197398200937,73.45300404533437,FTV
2018-04-13,74.2923583984375,76.01341667175294,1.3796410563506731,78.77269878445428,73.2541345590516,FTV
2018-04-16,74.8493118286133,75.86572723388672,1.3353632979945145,78.53645382987574,73.19500063789769,FTV
2018-04-17,76.3112945556641,75.81351432800292,1.2938139104450803,78.40114214889309,73.22588650711276,FTV
2018-04-18,76.7190551757812,75.76279296875,1.2330409161383087,78.22887480102662,73.29671113647339,FTV
2018-04-19,76.3510665893555,75.68422393798828,1.1342956474110073,77.9528152328103,73.41563264316626,FTV
2018-04-20,76.3212356567383,75.68670997619628,1.1357041719089844,77.95811832001425,73.41530163237832,FTV
2018-04-23,75.8836288452148,75.70063362121581,1.1363585418915492,77.97335070499891,73.42791653743272,FTV
2018-04-24,72.6513595581055,75.45000839233398,1.2295151404349391,77.90903867320387,72.9909781114641,FTV
2018-04-25,71.8059921264648,75.2212631225586,1.4525522752793214,78.12636767311724,72.31615857199995,FTV
2018-04-26,71.8756256103516,75.00345878601074,1.6110108349303476,78.22548045587143,71.78143711615004,FTV
2018-04-27,70.9208526611328,74.6946533203125,1.7724420137537258,78.23953734781995,71.14976929280505,FTV
2018-04-30,69.9263000488281,74.4395523071289,2.0649173791515816,78.56938706543207,70.30971754882574,FTV
2018-05-01,71.6468811035156,74.22771492004395,2.1254095048648076,78.47853392977356,69.97689591031434,FTV
2018-05-02,71.1296997070312,73.97360877990722,2.1788403775667295,78.33128953504068,69.61592802477377,FTV
2018-05-03,72.1143112182617,73.72944869995118,2.094105402884167,77.91765950571951,69.54123789418284,FTV
2018-05-04,72.8900604248047,73.65833892822266,2.0974175578560836,77.85317404393483,69.4635038125105,FTV
2018-05-07,73.1386947631836,73.62999458312989,2.1005735804669494,77.83114174406379,69.42884742219599,FTV
2018-05-08,73.8448104858398,73.55291709899902,2.0606371651773894,77.6741914293538,69.43164276864424,FTV
2018-05-09,74.8095169067383,73.59120712280273,2.0772846848721773,77.74577649254708,69.43663775305838,FTV
2018-05-10,75.1277770996094,73.6304916381836,2.09954234525844,77.82957632870048,69.43140694766672,FTV
2018-05-11,75.2073516845703,73.67624130249024,2.1245438209179373,77.92532894432611,69.42715366065437,FTV
2018-05-14,75.8836288452148,73.72795715332032,2.1667707868597375,78.06149872703979,69.39441557960085,FTV
2018-05-15,75.8339004516602,73.70408744812012,2.139269267738697,77.98262598359752,69.42554891264272,FTV
2018-05-16,76.3610076904297,73.68618507385254,2.1140603471071127,77.91430576806677,69.45806437963832,FTV
2018-05-17,76.9278945922852,73.71502647399902,2.155851553037889,78.0267295800748,69.40332336792324,FTV
2018-05-18,77.4450607299805,73.77121772766114,2.240346572846311,78.25191087335376,69.29052458196851,FTV
2018-05-21,77.1864700317383,73.8363597869873,2.3224386046600936,78.48123699630749,69.19148257766712,FTV
2018-05-22,75.6946640014648,73.98852500915527,2.3403405542810853,78.66920611771744,69.3078439005931,FTV
2018-05-23,75.764289855957,74.18643989562989,2.3132702899345947,78.81298047549907,69.5598993157607,FTV
2018-05-24,75.8140640258789,74.38336181640625,2.273496056300508,78.93035392900727,69.83636970380523,FTV
2018-05-25,75.1670150756836,74.59566993713379,2.126654774400788,78.84897948593537,70.34236038833221,FTV
2018-05-29,73.6837768554688,74.78354377746582,1.8389521086620884,78.46144799479,71.10563956014164,FTV
2018-05-30,73.8530197143555,74.89385070800782,1.7019651524737507,78.29778101295533,71.48992040306031,FTV
2018-05-31,72.3598251342773,74.95535697937012,1.5763684889526448,78.10809395727541,71.80262000146483,FTV
2018-06-01,73.474723815918,75.02337760925293,1.4733065581684852,77.96999072558991,72.07676449291596,FTV
2018-06-04,73.9127349853516,75.07451133728027,1.4118335174372942,77.89817837215486,72.25084430240568,FTV
2018-06-05,73.9625091552734,75.11570205688477,1.3635756647185062,77.84285338632178,72.38855072744776,FTV
2018-06-06,74.619514465332,75.15443725585938,1.336304048736143,77.82704535333167,72.48182915838709,FTV
2018-06-07,77.6257934570312,75.29525108337403,1.4422300431176138,78.17971116960925,72.4107909971388,FTV
2018-06-08,77.8447875976562,75.43110160827636,1.5495925448874568,78.53028669805128,72.33191651850144,FTV
2018-06-11,78.0140151977539,75.57143478393554,1.6519687557065519,78.87537229534865,72.26749727252243,FTV
2018-06-12,77.9343795776367,75.67397232055664,1.733975940230055,79.14192420101675,72.20602044009654,FTV
2018-06-13,77.7352905273438,75.76904182434082,1.7942814159985272,79.35760465633787,72.18047899234377,FTV
2018-06-14,79.7660217285156,75.93929252624511,2.002829431920075,79.94495139008527,71.93363366240496,FTV
2018-06-15,80.7017593383789,76.1279857635498,2.26189071202259,80.65176718759498,71.60420433950462,FTV
2018-06-18,80.0049438476562,76.2559799194336,2.4080491089311558,81.0720781372959,71.4398817015713,FTV
2018-06-19,78.6511154174805,76.3292121887207,2.459556149614968,81.24832448795064,71.41009988949077,FTV
2018-06-20,78.4420776367188,76.46658287048339,2.498663300797605,81.4639094720786,71.46925626888819,FTV
2018-06-21,77.745246887207,76.5656307220459,2.5086020868805874,81.58283489580707,71.54842654828472,FTV
2018-06-22,77.4864196777344,76.64924850463868,2.5101034294746443,81.66945536358797,71.62904164568938,FTV
2018-06-25,77.2773818969727,76.75476684570313,2.4887813390786926,81.73232952386051,71.77720416754575,FTV
2018-06-26,74.8584213256836,76.81349906921386,2.425552306619417,81.6646036824527,71.96239445597503,FTV
2018-06-27,74.4502792358398,76.84336204528809,2.3906100286691685,81.62458210262642,72.06214198794976,FTV
2018-06-28,75.455696105957,76.99815559387207,2.175577389149802,81.34931037217167,72.64700081557247,FTV
2018-06-29,76.7597351074219,77.16240615844727,2.013537217809999,81.18948059406726,73.13533172282727,FTV
2018-07-02,76.4113311767578,77.28733596801757,1.873975680501358,81.03528732902029,73.53938460701485,FTV
2018-07-03,76.1923370361328,77.39882736206054,1.7262654378786555,80.85135823781785,73.94629648630324,FTV
2018-07-05,76.7896118164062,77.50733222961426,1.6064172649877164,80.7201667595897,74.29449769963882,FTV
2018-07-06,76.8692474365234,77.46950492858886,1.6123773425805796,80.69425961375002,74.2447502434277,FTV
2018-07-09,77.5461578369141,77.45457344055175,1.610100238828388,80.67477391820853,74.23437296289498,FTV
2018-07-10,76.7099761962891,77.38937149047851,1.6126548378213656,80.61468116612124,74.16406181483578,FTV
2018-07-11,75.893684387207,77.28733673095704,1.6406718961552116,80.56868052326746,74.00599293864661,FTV
2018-07-12,76.6004638671875,77.23059539794922,1.6439845897551018,80.51856457745941,73.94262621843902,FTV
2018-07-13,76.8692474365234,77.08575668334962,1.5326901342042303,80.15113695175808,74.02037641494115,FTV
2018-07-16,76.1126937866211,76.85630340576172,1.2866120744061595,79.42952755457404,74.2830792569494,FTV
2018-07-17,77.2176513671875,76.71693878173828,1.0583061868768813,78.83355115549205,74.60032640798451,FTV
2018-07-18,77.1678695678711,76.64277648925781,0.9633419385705327,78.56946036639887,74.71609261211675,FTV
2018-07-19,77.2674255371094,76.58404388427735,0.8800788707938979,78.34420162586514,74.82388614268956,FTV
2018-07-20,77.2873306274414,76.56114807128907,0.8538449576255492,78.26883798654016,74.85345815603797,FTV
2018-07-23,75.8339691162109,76.4785255432129,0.8394266547593665,78.15737885273163,74.79967223369417,FTV
2018-07-24,77.0583801269531,76.46757545471192,0.8298308908658194,78.12723723644356,74.80791367298028,FTV
2018-07-25,78.671028137207,76.65820579528808,0.8772803374583711,78.41276647020483,74.90364512037134,FTV
2018-07-26,80.8411178588867,76.97774772644043,1.1517142313667432,79.28117618917392,74.67431926370693,FTV
2018-07-27,79.4474716186523,77.17733650207519,1.218036580668366,79.61340966341193,74.74126334073846,FTV
2018-07-30,79.3877487182617,77.3087371826172,1.3089742385947976,79.9266856598068,74.6907887054276,FTV
2018-07-31,81.7071685791016,77.57352905273437,1.6172332466839177,80.8079955461022,74.33906255936654,FTV
2018-08-01,80.5723495483398,77.79252967834472,1.7140200761460314,81.22056983063678,74.36448952605267,FTV
2018-08-02,80.562385559082,77.98116836547851,1.803125909778696,81.5874201850359,74.37491654592112,FTV
2018-08-03,80.8411178588867,78.17976188659668,1.8908109246645457,81.96138373592576,74.3981400372676,FTV
2018-08-06,80.5922546386719,78.33206672668457,1.9585559261937235,82.24917857907202,74.41495487429712,FTV
2018-08-07,80.9107971191406,78.54210777282715,2.0002527857541446,82.54261334433544,74.54160220131887,FTV
2018-08-08,80.4130630493164,78.76807670593261,1.9396730730226563,82.64742285197792,74.8887305598873,FTV
2018-08-09,79.8755264282227,78.93182983398438,1.8845060598657941,82.70084195371597,75.1628177142528,FTV
2018-08-10,79.3379745483398,79.05526618957519,1.8221138015300462,82.69949379263528,75.4110385865151,FTV
2018-08-13,78.9497451782227,79.19711875915527,1.6863513200192024,82.56982139919367,75.82441611911688,FTV
2018-08-14,79.198616027832,79.2961669921875,1.6208726491858003,82.53791229055909,76.0544216938159,FTV
2018-08-15,79.3280258178711,79.4041748046875,1.541622283930226,82.48741937254795,76.32093023682705,FTV
2018-08-16,79.9750671386719,79.53955688476563,1.4608764588473966,82.46130980246042,76.61780396707084,FTV
2018-08-17,79.8854751586914,79.66946411132812,1.3622477385028722,82.39395958833387,76.94496863432238,FTV
2018-08-20,80.23388671875,79.88945999145508,1.0233650991449346,81.93619018974495,77.84272979316522,FTV
2018-08-21,80.0248413085938,80.03778305053712,0.7766854915039905,81.5911540335451,78.48441206752914,FTV
2018-08-22,79.5569763183594,80.08208045959472,0.7176525186567868,81.51738549690829,78.64677542228115,FTV
2018-08-23,79.6565170288086,80.02285041809083,0.7003863639344704,81.42362314595977,78.62207769022189,FTV
2018-08-24,79.7660217285156,80.03877792358398,0.6901604169452407,81.41909875747446,78.6584570896935,FTV
2018-08-27,81.3089752197266,80.13483924865723,0.7274726691444714,81.58978458694617,78.67989391036829,FTV
2018-08-28,81.6972198486328,80.13434181213378,0.7263434691961441,81.58702875052607,78.6816548737415,FTV
2018-08-29,83.4989852905273,80.28067359924316,1.044399525060391,82.36947264936394,78.19187454912237,FTV
2018-08-30,83.4292526245117,80.42401695251465,1.2596549005786306,82.94332675367191,77.90470715135739,FTV
2018-08-31,83.6683654785156,80.5653793334961,1.4527657223998036,83.4709107782957,77.65984788869649,FTV
2018-09-04,83.1502838134766,80.69328079223632,1.563630557137257,83.82054190651084,77.5660196779618,FTV
2018-09-05,84.0270233154297,80.84909210205078,1.7325802546644535,84.31425261137969,77.38393159272186,FTV
2018-09-06,83.8476943969727,81.0208236694336,1.8531127753022107,84.72704922003801,77.31459811882918,FTV
2018-09-07,84.2760925292969,81.2408519744873,1.9676774002889663,85.17620677506522,77.30549717390937,FTV
2018-09-10,84.3757247924805,81.49273948669433,2.0326398623527724,85.55801921139988,77.42745976198879,FTV
2018-09-11,84.7044982910156,81.78047714233398,2.060832570451487,85.90214228323696,77.658812001431,FTV
2018-09-12,84.9934158325195,82.07021713256836,2.085937499173843,86.24209213091605,77.89834213422067,FTV
2018-09-13,86.1790161132812,82.41276664733887,2.172645515868517,86.7580576790759,78.06747561560184,FTV
2018-09-14,86.6572341918945,82.746875,2.2887360362702562,87.32434707254052,78.16940292745949,FTV
2018-09-17,86.7967071533203,83.09243659973144,2.3547624225315453,87.80196144479453,78.38291175466836,FTV
2018-09-18,87.0557403564453,83.43352928161622,2.4122799889641615,88.25808925954453,78.6089693036879,FTV
2018-09-19,85.6709060668945,83.71583251953125,2.3210206350372973,88.35787378960585,79.07379124945665,FTV
2018-09-20,87.0457763671875,84.09027252197265,2.2164924138811544,88.52325734973496,79.65728769421034,FTV
2018-09-21,86.6572341918945,84.44030838012695,2.0238646745491433,88.48803772922524,80.39257903102866,FTV
2018-09-24,86.009635925293,84.75248908996582,1.7242730509061797,88.20103519177817,81.30394298815347,FTV
2018-09-25,85.6808624267578,84.97108345031738,1.5310411476118382,88.03316574554106,81.9090011550937,FTV
2018-09-26,84.7144622802734,85.12194557189942,1.326454253894982,87.77485407968938,82.46903706410946,FTV
2018-09-27,84.3259048461914,85.16329154968261,1.2854576868784504,87.73420692343952,82.59237617592571,FTV
2018-09-28,83.8875427246094,85.1862060546875,1.2566825670080817,87.69957118870367,82.67284092067133,FTV
2018-10-01,84.1166915893555,85.2086223602295,1.2319377498801567,87.67249785998982,82.74474686046918,FTV
2018-10-02,83.3096923828125,85.21659278869629,1.2183606048055573,87.6533139983074,82.77987157908518,FTV
2018-10-03,83.4292526245117,85.18670425415038,1.2558346258948927,87.69837350594017,82.6750350023606,FTV
2018-10-04,83.6384735107422,85.17624320983887,1.2683842584084402,87.71301172665575,82.639474693022,FTV
2018-10-05,83.6683654785156,85.1458568572998,1.298017340511779,87.74189153832336,82.54982217627625,FTV
2018-10-08,83.3395843505859,85.09404983520508,1.3500091408968777,87.79406811699884,82.39403155341132,FTV
2018-10-09,81.8949661254883,84.95357322692871,1.5272211013598258,88.00801542964837,81.89913102420905,FTV
2018-10-10,79.9223175048828,84.70001831054688,1.8965595769751533,88.49313746449718,80.90689915659658,FTV
2018-10-11,78.2883987426758,84.3054874420166,2.3412790612404586,88.98804556449751,79.62292931953569,FTV
2018-10-12,78.9060974121094,83.91793060302734,2.5625733269098907,89.04307725684713,78.79278394920756,FTV
2018-10-15,78.6470642089844,83.51044845581055,2.7236073522109896,88.95766316023253,78.06323375138857,FTV
2018-10-16,79.4839477539062,83.1318588256836,2.731104598704903,88.5940680230934,77.66964962827379,FTV
2018-10-17,79.9223175048828,82.84442939758301,2.7522411473134225,88.34891169220985,77.33994710295617,FTV
2018-10-18,79.7330169677734,82.47879142761231,2.64851044307054,87.77581231375339,77.18177054147122,FTV
2018-10-19,79.4939193725586,82.12062568664551,2.535661099975326,87.19194788659617,77.04930348669485,FTV
2018-10-22,77.4017105102539,81.69022941589355,2.5711036732435613,86.83243676238068,76.54802206940643,FTV
2018-10-23,76.7640762329102,81.24439010620117,2.6154126918613825,86.47521548992393,76.0135647224784,FTV
2018-10-24,73.8050994873047,80.69892196655273,2.9675279595006483,86.63397788555403,74.76386604755143,FTV
2018-10-25,76.0467529296875,80.28496437072754,3.0120693685089863,86.30910310774551,74.26082563370956,FTV
2018-10-26,72.7888793945312,79.73003120422364,3.3200537291330137,86.37013866248967,73.0899237459576,FTV
2018-10-29,71.9320678710938,79.12080001831055,3.5804628381702277,86.281725694651,71.95987434197009,FTV
2018-10-30,71.4140090942383,78.52601585388183,3.8275112955639248,86.18103844500968,70.87099326275398,FTV
2018-10-31,73.9744720458984,78.05327682495117,3.7735379744894786,85.60035277393013,70.50620087597221,FTV
2018-11-01,74.5323944091797,77.59797286987305,3.6099886658948144,84.81795020166268,70.37799553808341,FTV
2018-11-02,74.5822067260742,77.14366493225097,3.3695666608567176,83.88279825396441,70.40453161053753,FTV
2018-11-05,74.8213119506836,76.71775131225586,3.0702431573148408,82.85823762688554,70.57726499762617,FTV
2018-11-06,75.5984115600586,76.40292358398438,2.824409636911177,82.05174285780673,70.75410431016202,FTV
2018-11-07,75.8474884033203,76.19918212890624,2.7014681116168697,81.60211835213998,70.7962459056725,FTV
2018-11-08,76.6046676635742,76.11499557495117,2.658833481314406,81.43266253757997,70.79732861232236,FTV
2018-11-09,74.9408645629883,75.91673393249512,2.5866122401429457,81.08995841278102,70.74350945220922,FTV
2018-11-12,74.6818389892578,75.71847267150879,2.517358748310892,80.75319016813057,70.68375517488701,FTV
2018-11-13,74.9309005737305,75.4908203125,2.3598590676925957,80.2105384478852,70.77110217711481,FTV
2018-11-14,73.3268737792969,75.1610481262207,2.1604003637684395,79.48184885375758,70.84024739868383,FTV
2018-11-15,75.448974609375,74.94684600830078,1.8770303607559253,78.70090672981263,71.19278528678893,FTV
2018-11-16,75.1700134277344,74.73065071105957,1.545464261960761,77.82157923498109,71.63972218713805,FTV
2018-11-19,73.4862823486328,74.53487930297851,1.4332168308620028,77.40131296470251,71.66844564125451,FTV
2018-11-20,72.3206253051758,74.3127067565918,1.4137387573765974,77.14018427134499,71.4852292418386,FTV
2018-11-21,73.5859146118164,74.30174751281739,1.4187215851911363,77.13919068319966,71.46430434243511,FTV
2018-11-23,72.5298461914062,74.12590217590332,1.4089713778251989,76.94384493155371,71.30795942025293,FTV
2018-11-26,72.9283599853516,74.13287620544433,1.4023347292727433,76.93754566398982,71.32820674689884,FTV
2018-11-27,73.4862823486328,74.2105869293213,1.3142550085920142,76.83909694650532,71.58207691213727,FTV
2018-11-28,74.7117156982422,74.37547225952149,1.1402815288947565,76.656035317311,72.09490920173198,FTV
2018-11-29,73.9239196777344,74.37294464111328,1.1412727918593246,76.65549022483192,72.09039905739463,FTV
2018-11-30,75.8585205078125,74.43925094604492,1.1885672274465153,76.81638540093795,72.0621164911519,FTV
2018-12-03,75.7488250732422,74.49758186340333,1.224049516332039,76.9456808960674,72.04948283073925,FTV
2018-12-04,72.6474761962891,74.38889007568359,1.2886030556574546,76.9660961869985,71.81168396436868,FTV
2018-12-06,71.9394454956055,74.20594177246093,1.3653010803985883,76.93654393325811,71.47533961166376,FTV
2018-12-07,69.7455673217773,73.90084571838379,1.6344238743099169,77.16969346700363,70.63199796976396,FTV
2018-12-10,70.5233993530273,73.59678230285644,1.6702172289176587,76.93721676069175,70.25634784502112,FTV
2018-12-11,69.8652267456055,73.3430004119873,1.8329259185633031,77.00885224911391,69.6771485748607,FTV
2018-12-12,70.5732574462891,73.13757133483887,1.9038423237615167,76.9452559823619,69.32988668731583,FTV
2018-12-13,69.7555389404297,72.87880325317383,1.9967156089460205,76.87223447106587,68.88537203528179,FTV
2018-12-14,68.668571472168,72.64588813781738,2.202760070927122,77.05140827967162,68.24036799596314,FTV
2018-12-17,67.761100769043,72.26149444580078,2.3534920340590886,76.96847851391895,67.5545103776826,FTV
2018-12-18,67.9106826782227,71.89852790832519,2.4395292530721417,76.77758641446948,67.0194694021809,FTV
2018-12-19,66.394905090332,71.54395904541016,2.6982379722636303,76.94043498993742,66.14748310088291,FTV
2018-12-20,64.9788589477539,71.17687072753907,3.0619182763955877,77.30070728033024,65.05303417474789,FTV
2018-12-21,65.3179016113281,70.76347007751465,3.2705830142966477,77.30463610610795,64.22230404892136,FTV
2018-12-24,63.463077545166,70.31013164520263,3.622320306691574,77.55477225858579,63.065491031819484,FTV
2018-12-26,65.5173492431641,69.93958110809326,3.7181798969970226,77.37594090208731,62.50322131409922,FTV
2018-12-27,66.7040405273438,69.60046901702881,3.686833373364515,76.97413576375784,62.226802270299785,FTV
2018-12-28,66.5145721435547,69.19061183929443,3.5414858975683017,76.27358363443103,62.10764004415783,FTV
2018-12-31,67.4719085693359,68.86801128387451,3.377702741278863,75.62341676643223,62.11260580131678,FTV
2019-01-02,67.1627655029297,68.43322353363037,2.964957411326627,74.36313835628363,62.503308710977116,FTV
2019-01-03,64.4503326416016,67.86829891204835,2.544251249371872,72.9568014107921,62.7797964133046,FTV
2019-01-04,67.2724609375,67.59954814910888,2.2833611179548963,72.16627038501868,63.03282591319909,FTV
2019-01-07,67.6115264892578,67.3831521987915,2.042829722932146,71.4688116446558,63.29749275292721,FTV
2019-01-08,67.9206619262695,67.29190692901611,1.9712580777086346,71.23442308443337,63.34939077359884,FTV
2019-01-09,69.0375442504883,67.21761417388916,1.8683742985771166,70.95436277104339,63.48086557673493,FTV
2019-01-10,69.6857376098633,67.20863971710205,1.8553733915574573,70.91938650021696,63.49789293398713,FTV
2019-01-11,69.3167572021484,67.14581470489502,1.753948406549469,70.65371151799395,63.63791789179608,FTV
2019-01-14,69.4364318847656,67.12985935211182,1.7302500619007495,70.59035947591332,63.66935922831032,FTV
2019-01-15,69.7954254150391,67.18620204925537,1.799936515173407,70.78607507960218,63.58632901890856,FTV
2019-01-16,69.8253402709961,67.28941402435302,1.891492664451536,71.07239935325609,63.50642869544995,FTV
2019-01-17,71.1815567016602,67.4529577255249,2.0800431995789816,71.61304412468286,63.292871326366935,FTV
2019-01-18,72.8269729614258,67.77456111907959,2.383021125998184,72.54060337107596,63.008518867083225,FTV
2019-01-22,71.4707489013672,68.09915561676026,2.4239552908071276,72.94706619837451,63.251245035146,FTV
2019-01-23,70.9422302246094,68.38037204742432,2.4105215809289637,73.20141520928225,63.55932888556639,FTV
2019-01-24,70.7926483154297,68.7468505859375,2.168613827671449,73.0840782412804,64.4096229305946,FTV
2019-01-25,72.0491485595703,69.07344055175781,2.148403392558528,73.37024733687487,64.77663376664076,FTV
2019-01-28,71.6901473999023,69.32274589538574,2.1482813298589183,73.61930855510357,65.0261832356679,FTV
2019-01-29,73.4851379394531,69.67127418518066,2.232503540451997,74.13628126608465,65.20626710427668,FTV
2019-01-30,74.5222549438477,70.02379150390625,2.4160298568350793,74.85585121757642,65.19173179023609,FTV
2019-01-31,74.7815246582031,70.40472946166992,2.538701341747095,75.4821321451641,65.32732677817573,FTV
2019-02-01,74.1233673095703,70.88838119506836,2.2495628992714662,75.3875069936113,66.38925539652543,FTV
2019-02-04,74.0934448242188,71.2294303894043,2.1887438600889086,75.60691810958211,66.85194266922649,FTV
2019-02-05,74.3228073120117,71.56499443054199,2.118205318523376,75.80140506758873,67.32858379349524,FTV
2019-02-06,74.7416305541992,71.90604286193847,2.048525254732515,76.00309337140351,67.80899235247344,FTV
2019-02-07,74.2131118774414,72.16482124328613,1.9932467142249903,76.1513146717361,68.17832781483615,FTV
2019-02-08,76.6064376831055,72.51085624694824,2.135845860708248,76.78254796836474,68.23916452553173,FTV
2019-02-11,76.9454956054688,72.89229316711426,2.2151249023144826,77.32254297174323,68.46204336248529,FTV
2019-02-12,78.6008834838867,73.35051574707032,2.4025694126617876,78.1556545723939,68.54537692174674,FTV
2019-02-13,80.2163848876953,73.87156372070312,2.7023004609255543,79.27616464255424,68.46696279885201,FTV
2019-02-14,80.2263488769531,74.39161415100098,2.8777590789886305,80.14713230897824,68.63609599302372,FTV
2019-02-15,81.5726013183594,74.91116638183594,3.188894103601602,81.28895458903915,68.53337817463273,FTV
2019-02-19,80.2562637329102,75.28263092041016,3.3613777867990393,82.00538649400823,68.55987534681208,FTV
2019-02-20,80.8346557617188,75.75082626342774,3.453364108206082,82.6575544798399,68.84409804701558,FTV
2019-02-21,80.4553756713867,76.2264835357666,3.4110805670705915,83.04864466990779,69.40432240162542,FTV
2019-02-22,81.2139205932617,76.7475471496582,3.332390950339233,83.41232905033667,70.08276524897974,FTV
2019-02-25,81.4434814453125,77.2172637939453,3.2971753026485073,83.81161439924232,70.6229131886483,FTV
2019-02-26,81.5832138061523,77.71191711425782,3.1637319758173947,84.0393810658926,71.38445316262303,FTV
2019-02-27,81.5532760620117,78.11532402038574,3.11034296650176,84.33600995338927,71.89463808738222,FTV
2019-02-28,81.4135360717773,78.45988807678222,3.0728351693683758,84.60555841551897,72.31421773804547,FTV
2019-03-01,82.4016418457031,78.84089393615723,3.065150117575053,84.97119417130733,72.71059370100713,FTV
2019-03-04,82.4216003417969,79.25580558776855,2.952529040278893,85.16086366832633,73.35074750721077,FTV
2019-03-05,82.0922317504883,79.65574493408204,2.7513388324600054,85.15842259900205,74.15306726916202,FTV
2019-03-06,81.8826370239258,80.03373641967774,2.486687878370972,85.00711217641968,75.06036066293579,FTV
2019-03-07,80.9045181274414,80.34188079833984,2.1562825297430783,84.654445857826,76.02931573885368,FTV
2019-03-08,80.2457885742188,80.64351463317871,1.6054069567165503,83.85432854661181,77.43270071974561,FTV
2019-03-11,82.0223693847656,80.91431121826172,1.3200066337974068,83.55432448585653,78.2742979506669,FTV
2019-03-12,81.9624938964844,81.1651611328125,0.9513040556074854,83.06776924402747,79.26255302159753,FTV
2019-03-13,83.0204544067383,81.38613967895508,0.8298564121987034,83.04585250335248,79.72642685455767,FTV
2019-03-14,82.4814834594727,81.49939460754395,0.8162652362188638,83.13192507998167,79.86686413510623,FTV
2019-03-15,82.3816757202148,81.60716094970704,0.7808562311525515,83.16887341201215,80.04544848740193,FTV
2019-03-18,83.2500152587891,81.69103164672852,0.86273990278339,83.4165114522953,79.96555184116174,FTV
2019-03-19,82.8907012939453,81.82275352478027,0.8327417584803111,83.48823704174089,80.15727000781965,FTV
2019-03-20,82.830810546875,81.92256126403808,0.827689490599662,83.5779402452374,80.26718228283876,FTV
2019-03-21,84.0584564208984,82.10271530151367,0.8818829429893223,83.86648118749231,80.33894941553503,FTV
2019-03-22,82.0722732543945,82.14563293457032,0.8568843561920694,83.85940164695445,80.43186422218618,FTV
2019-03-25,82.4415588378906,82.19553680419922,0.8427871274014329,83.88111105900208,80.50996254939636,FTV
2019-03-26,83.4196853637695,82.28736038208008,0.8720961304153149,84.03155264291071,80.54316812124945,FTV
2019-03-27,82.1820602416992,82.31879959106445,0.8554137628067482,84.02962711667794,80.60797206545095,FTV
2019-03-28,82.7809143066406,82.38716850280761,0.8336187193424888,84.05440594149259,80.71993106412263,FTV
2019-03-29,83.7290954589844,82.45354118347169,0.886030029157706,84.2256012417871,80.68148112515627,FTV
2019-04-01,84.9068222045898,82.57780227661132,1.0418780160102004,84.66155830863173,80.49404624459092,FTV
2019-04-02,85.5156555175781,82.74897346496581,1.2233237214079413,85.1956209077817,80.30232602214993,FTV
2019-04-03,86.3540420532227,82.97254371643066,1.4451407720537552,85.86282526053817,80.08226217232315,FTV
2019-04-04,86.1344680786133,83.23404121398926,1.5223531331954967,86.27874748038025,80.18933494759827,FTV
2019-04-05,86.5636444091797,83.5499340057373,1.5251308944966306,86.60019579473057,80.49967221674403,FTV
2019-04-08,86.7632522583008,83.78697814941407,1.639361600097314,87.0657013496087,80.50825494921943,FTV
2019-04-09,85.9548110961914,83.98659400939941,1.6485472029445691,87.28368841528855,80.68949960351027,FTV
2019-04-10,85.8649826049805,84.12882041931152,1.6831486890105483,87.49511779733263,80.76252304129042,FTV
2019-04-11,86.6834106445312,84.33891677856445,1.7283427296744445,87.79560223791334,80.88223131921556,FTV
2019-04-12,87.4918594360352,84.59442596435547,1.8000110992858085,88.19444816292709,80.99440376578384,FTV
2019-04-15,87.6515502929688,84.81450271606445,1.8936271610463038,88.60175703815706,81.02724839397185,FTV
2019-04-16,87.4718933105469,85.04356231689454,1.9254801113002231,88.89452253949499,81.19260209429409,FTV
2019-04-17,87.4419555664062,85.2741195678711,1.9226473851555461,89.1194143381822,81.42882479756,FTV
2019-04-18,88.3302459716797,85.48770904541016,2.015525904938758,89.51876085528767,81.45665723553265,FTV
2019-04-22,88.1905136108398,85.79362106323242,1.9324494467344415,89.6585199567013,81.92872216976355,FTV
2019-04-23,88.7893600463867,86.11101112365722,1.8733063691744192,89.85762386200606,82.36439838530838,FTV
2019-04-24,88.8891677856445,86.38448524475098,1.858910497230338,90.10230623921166,82.6666642502903,FTV
2019-04-25,87.6216049194336,86.65646247863769,1.5902014663112347,89.83686541126016,83.47605954601522,FTV
2019-04-26,85.066520690918,86.77074279785157,1.362909326122168,89.49656145009591,84.04492414560723,FTV
2019-04-29,85.6853332519531,86.8685546875,1.1926985507562056,89.2539517890124,84.48315758598758,FTV
2019-04-30,86.1743850708008,86.93193283081055,1.1140539571123678,89.16004074503529,84.70382491658582,FTV
2019-05-01,85.2162246704102,86.91696128845214,1.1358868153833388,89.18873491921882,84.64518765768547,FTV
2019-05-02,85.6653671264648,86.88252754211426,1.1639414552347211,89.2104104525837,84.55464463164482,FTV
2019-05-03,86.4039535522461,86.8960018157959,1.1563609774880343,89.20872377077197,84.58327986081983,FTV
2019-05-06,84.7770767211914,86.80667343139649,1.2487053168973823,89.30408406519126,84.30926279760172,FTV
2019-05-07,83.3198852539062,86.63450508117675,1.4723594022873059,89.57922388575136,83.68978627660215,FTV
2019-05-08,82.3217926025391,86.45285415649414,1.757189230171489,89.96723261683712,82.93847569615116,FTV
2019-05-09,82.1022186279297,86.2647159576416,2.007106882607015,90.27892972285562,82.25050219242758,FTV
2019-05-10,82.4714965820312,86.0541202545166,2.1748234013380205,90.40376705719265,81.70447345184056,FTV
2019-05-13,80.3455963134766,85.69680709838867,2.490338991019535,90.67748508042774,80.7161291163496,FTV
2019-05-14,80.3555755615234,85.3320083618164,2.713321411143282,90.75865118410297,79.90536553952984,FTV
2019-05-15,81.2039489746094,85.01861114501953,2.813291375668324,90.64519389635618,79.39202839368289,FTV
2019-05-16,81.193962097168,84.70621147155762,2.876227700878981,90.45866687331558,78.95375606979967,FTV
2019-05-17,80.3655471801758,84.30797653198242,2.8993370299287,90.10665059183982,78.50930247212501,FTV
2019-05-20,79.1878204345703,83.85784187316895,2.9629859505596152,89.78381377428818,77.93186997204972,FTV
2019-05-21,79.7467422485352,83.40571098327636,2.8589586889749663,89.1236283612263,77.68779360532643,FTV
2019-05-22,79.4373397827148,82.93311958312988,2.6804562629306954,88.29403210899127,77.57220705726849,FTV
2019-05-23,78.3494262695312,82.46951065063476,2.62820485633917,87.7259203633131,77.21310093795643,FTV
2019-05-24,77.8903121948242,82.11070022583007,2.7423717501098,87.59544372604967,76.62595672561048,FTV
2019-05-28,76.6526947021484,81.65906829833985,2.863783369551946,87.38663503744374,75.93150155923595,FTV
2019-05-29,76.4530715942383,81.17300262451172,2.882003761171177,86.93701014685408,75.40899510216937,FTV
2019-05-30,76.7627563476562,80.75032920837403,2.877705036680392,86.5057392817348,74.99491913501325,FTV
2019-05-31,76.0734558105469,80.27073364257812,2.8140423087474034,85.89881826007293,74.64264902508332,FTV
2019-06-03,75.6838531494141,79.73472862243652,2.5969101757652355,84.928548973967,74.54090827090604,FTV
2019-06-04,77.6918258666992,79.38046607971191,2.343782874528118,84.06803182876814,74.69290033065568,FTV
2019-06-05,78.7507629394531,79.15200996398926,2.1546364179102158,83.4612827998097,74.84273712816882,FTV
2019-06-06,79.3002090454102,79.00093078613281,2.022565416374388,83.0460616188816,74.95579995338403,FTV
2019-06-07,78.890625,78.84035110473633,1.8862816502034279,82.61291440514319,75.06778780432947,FTV
2019-06-10,78.8406677246094,78.65880966186523,1.6820843512137205,82.02297836429267,75.2946409594378,FTV
2019-06-11,79.080436706543,78.59555168151856,1.6385365139365258,81.87262470939162,75.3184786536455,FTV
2019-06-12,78.1014175415039,78.48284378051758,1.587842947850645,81.65852967621888,75.30715788481629,FTV
2019-06-13,78.4310836791992,78.34420051574708,1.4530817676704908,81.25036405108806,75.4380369804061,FTV
2019-06-14,77.2522735595703,78.1471160888672,1.3060951006622015,80.7593062901916,75.53492588754278,FTV
2019-06-17,76.5729522705078,77.95748634338379,1.2407376888941797,80.43896172117215,75.47601096559544,FTV
2019-06-18,78.2612533569336,77.91115798950196,1.209279827773191,80.32971764504835,75.49259833395557,FTV
2019-06-19,78.7607498168945,77.86185836791992,1.1491100442636106,80.16007845644714,75.5636382793927,FTV
2019-06-20,80.7387619018555,77.92692947387695,1.2731719870035438,80.47327344788404,75.38058549986987,FTV
2019-06-21,80.3391647338867,78.02641639709472,1.3810902198280701,80.78859683675086,75.26423595743859,FTV
2019-06-24,80.5789260864258,78.16084709167481,1.4934266996643766,81.14770049100356,75.17399369234606,FTV
2019-06-25,80.5489501953125,78.35565986633301,1.5397473357033877,81.43515453773979,75.27616519492624,FTV
2019-06-26,79.7797241210938,78.52199249267578,1.50263630286664,81.52726509840906,75.5167198869425,FTV
2019-06-27,80.309196472168,78.69931449890137,1.493331240578984,81.68597698005934,75.71265201774341,FTV
2019-06-28,81.4380569458008,78.96754455566406,1.4785724758399545,81.92468950734397,76.01039960398415,FTV
2019-07-01,82.5868988037109,79.31269683837891,1.4774061323112824,82.26750910300147,76.35788457375635,FTV
2019-07-02,81.8776168823242,79.52198638916016,1.531208647470896,82.58440368410196,76.45956909421837,FTV
2019-07-03,82.4969940185547,79.70929794311523,1.6559552965676752,83.02120853625058,76.39738734997988,FTV
2019-07-05,80.8986053466797,79.78921775817871,1.6736491139758765,83.13651598613046,76.44191953022695,FTV
2019-07-08,80.3691329956055,79.86314315795899,1.6644970667699208,83.19213729149882,76.53414902441915,FTV
2019-07-09,80.1893081665039,79.93057518005371,1.6481320410399534,83.22683926213361,76.63431109797381,FTV
2019-07-10,79.3101959228516,79.94206314086914,1.6426861955361813,83.2274355319415,76.65669074979678,FTV
2019-07-11,79.6198883056641,80.01798667907715,1.587292854815095,83.19257238870735,76.84340096944696,FTV
2019-07-12,81.2282638549805,80.15784568786621,1.5631576072454323,83.28416090235707,77.03153047337535,FTV
2019-07-15,80.668830871582,80.3286735534668,1.407889156608693,83.1444518666842,77.5128952402494,FTV
2019-07-16,81.3281707763672,80.56643447875976,1.1103302699747541,82.78709501870927,78.34577393881025,FTV
2019-07-17,79.6198883056641,80.63436622619629,0.9977244653712029,82.6298151569387,78.63891729545388,FTV
2019-07-18,79.0204925537109,80.64735336303711,0.9734476044688024,82.59424857197472,78.70045815409951,FTV
2019-07-19,78.4310836791992,80.5319694519043,1.0916340090804166,82.71523747006513,78.34870143374347,FTV
2019-07-22,78.9105987548828,80.46054115295411,1.1500860522928007,82.7607132575397,78.16036904836851,FTV
2019-07-23,81.3481521606445,80.49900245666504,1.1669914872897378,82.83298543124451,78.16501948208557,FTV
2019-07-24,82.1673278808594,80.57992134094238,1.2252898931851364,83.03050112731265,78.12934155457211,FTV
2019-07-25,81.7177810668945,80.67682418823242,1.2352706299158966,83.1473654480642,78.20628292840063,FTV
2019-07-26,78.3711395263672,80.57992134094238,1.3374210343557489,83.25476340965388,77.90507927223088,FTV
2019-07-29,76.7527770996094,80.34565734863281,1.5694157378395814,83.48448882431198,77.20682587295364,FTV
2019-07-30,76.7228088378906,80.0524528503418,1.6730171283116206,83.39848710696504,76.70641859371855,FTV
2019-07-31,75.9735565185547,79.75724983215332,1.845963092288413,83.44917601673015,76.06532364757649,FTV
2019-08-01,73.6758651733398,79.31619338989258,2.1804205350063106,83.6770344599052,74.95535231987995,FTV
2019-08-02,73.5659790039062,78.9495620727539,2.4942355427301774,83.93803315821427,73.96109098729355,FTV
2019-08-05,70.339225769043,78.44806671142578,3.122884678753511,84.6938360689328,72.20229735391877,FTV
2019-08-06,71.3482055664062,78.00601158142089,3.4698977486336005,84.94580707868809,71.0662160841537,FTV
2019-08-07,71.068489074707,77.59392623901367,3.782199669641357,85.15832557829638,70.02952689973095,FTV
2019-08-08,71.7677841186523,77.20132102966309,3.9639977506939426,85.12931653105097,69.27332552827521,FTV
2019-08-09,70.4291381835938,76.66136474609375,4.119066203589587,84.89949715327293,68.42323233891457,FTV
2019-08-12,69.0005722045898,76.07795181274415,4.341888783773829,84.7617293802918,67.3941742451965,FTV
2019-08-13,69.9396286010742,75.50852470397949,4.363830005635291,84.23618471525008,66.7808646927089,FTV
2019-08-14,67.262321472168,74.8906463623047,4.618488692295914,84.12762374689652,65.65366897771287,FTV
2019-08-15,67.262321472168,74.30273780822753,4.809537125786766,83.92181205980107,64.683663556654,FTV
2019-08-16,68.860710144043,73.82421913146973,4.853073485780687,83.5303661030311,64.11807215990837,FTV
2019-08-19,70.0095596313477,73.37916717529296,4.76949223527061,82.91815164583419,63.84018270475174,FTV
2019-08-20,69.9396286010742,72.80874099731446,4.436873311597411,81.68248762050928,63.93499437411964,FTV
2019-08-21,70.1793899536133,72.20934410095215,3.8809647237098055,79.97127354837176,64.44741465353255,FTV
2019-08-22,69.6798858642578,71.60744934082031,3.2029435141125377,78.01333636904539,65.20156231259523,FTV
2019-08-23,68.3012771606445,71.10395622253418,2.8564908458216043,76.81693791417739,65.39097453089097,FTV
2019-08-26,69.0705032348633,70.71984252929687,2.5578171847158604,75.83547689872859,65.60420815986515,FTV
2019-08-27,68.9606094360352,70.3317325592041,2.1564207168694853,74.64457399294307,66.01889112546513,FTV
2019-08-28,69.5699996948242,70.01155471801758,1.7022065899632206,73.41596789794401,66.60714153809114,FTV
2019-08-29,70.6900024414062,69.8622615814209,1.4803980547751636,72.82305769097123,66.90146547187057,FTV
2019-08-30,70.9000015258789,69.72896270751953,1.227835049398448,72.18463280631643,67.27329260872263,FTV
2019-09-03,69.0199966430664,69.6630012512207,1.2287604550936952,72.12052216140809,67.20548034103332,FTV
2019-09-04,66.9599990844727,69.44359092712402,1.301632217987518,72.04685536309906,66.84032649114899,FTV
2019-09-05,68.0999984741211,69.29516639709473,1.2755810245700048,71.84632844623474,66.74400434795473,FTV
2019-09-06,68.4700012207031,69.13027725219726,1.1456628195040732,71.42160289120541,66.83895161318911,FTV
2019-09-09,68.0100021362305,69.0093204498291,1.128895321226385,71.26711109228188,66.75152980737633,FTV
2019-09-10,68.6100006103516,68.98979187011719,1.1324273131860065,71.2546464964892,66.72493724374517,FTV
2019-09-11,70.5899963378906,69.02231025695801,1.1698573099425917,71.3620248768432,66.68259563707282,FTV
2019-09-12,69.9800033569336,69.15819435119629,1.1110232883226843,71.38024092784165,66.93614777455092,FTV
2019-09-13,70.0199966430664,69.29607810974122,1.031636737273147,71.35935158428751,67.23280463519492,FTV
2019-09-16,69.5,69.32804260253906,1.027332188676196,71.38270697989145,67.27337822518666,FTV
2019-09-17,69.0599975585938,69.28056449890137,1.0160583377998929,71.31268117450115,67.24844782330159,FTV
2019-09-18,69.6900024414062,69.26808319091796,1.0090452665098062,71.28617372393758,67.24999265789835,FTV
2019-09-19,68.7900009155273,69.19861373901367,0.9906626490119919,71.17993903703766,67.21728844098968,FTV
2019-09-20,68.1800003051758,69.12361946105958,1.0089156459794972,71.14145075301857,67.10578816910058,FTV
2019-09-23,67.9499969482422,69.10605545043946,1.0268828121399551,71.15982107471936,67.05228982615955,FTV
2019-09-24,66.9400024414062,68.9995304107666,1.1355232478990296,71.27057690656466,66.72848391496854,FTV
2019-09-25,67.8399963378906,68.94349975585938,1.1648145012012034,71.27312875826179,66.61387075345696,FTV
2019-09-26,67.9800033569336,68.86399993896484,1.1740277577068652,71.21205545437857,66.5159444235511,FTV
2019-09-27,68.5999984741211,68.75949974060059,1.0931723066092838,70.94584435381915,66.57315512738202,FTV
2019-09-30,68.5599975585938,68.64249954223632,0.9703434130654797,70.58318636836728,66.70181271610537,FTV
2019-10-01,66.2799987792969,68.50549964904785,1.0991213434613283,70.7037423359705,66.3072569621252,FTV
